id,facultad
TS-00001,administracion_empresas
TS-00002,administracion_empresas
TS-00003,administracion_empresas
TS-00004,administracion_empresas
TS-00005,administracion_empresas
TS-00006,administracion_empresas
TS-00007,administracion_empresas
TS-00008,administracion_empresas
TS-00009,administracion_empresas
TS-00010,administracion_empresas
TS-00011,administracion_empresas
TS-00012,administracion_empresas
TS-00013,administracion_empresas
TS-00014,administracion_empresas
TS-00015,administracion_empresas
TS-00016,administracion_empresas
TS-00017,administracion_empresas
TS-00018,administracion_empresas
TS-00019,administracion_empresas
TS-00020,administracion_empresas
TS-00021,administracion_empresas
TS-00022,administracion_empresas
TS-00023,administracion_empresas
TS-00024,administracion_empresas
TS-00025,administracion_empresas
TS-00026,administracion_empresas
TS-00027,administracion_empresas
TS-00028,administracion_empresas
TS-00029,administracion_empresas
TS-00030,administracion_empresas
TS-00031,administracion_empresas
TS-00032,administracion_empresas
TS-00033,administracion_empresas
TS-00034,administracion_empresas
TS-00035,administracion_empresas
TS-00036,administracion_empresas
TS-00037,administracion_empresas
TS-00038,administracion_empresas
TS-00039,administracion_empresas
TS-00040,administracion_empresas
TS-00041,administracion_empresas
TS-00042,administracion_empresas
TS-00043,administracion_empresas
TS-00044,administracion_empresas
TS-00045,administracion_empresas
TS-00046,administracion_empresas
TS-00047,administracion_empresas
TS-00048,administracion_empresas
TS-00049,administracion_empresas
TS-00050,administracion_empresas
TS-00051,administracion_empresas
TS-00052,administracion_empresas
TS-00053,administracion_empresas
TS-00054,administracion_empresas
TS-00055,administracion_empresas
TS-00056,administracion_empresas
TS-00057,administracion_empresas
TS-00058,administracion_empresas
TS-00059,administracion_empresas
TS-00060,administracion_empresas
TS-00061,administracion_empresas
TS-00062,administracion_empresas
TS-00063,administracion_empresas
TS-00064,administracion_empresas
TS-00065,administracion_empresas
TS-00066,administracion_empresas
TS-00067,administracion_empresas
TS-00068,administracion_empresas
TS-00069,administracion_empresas
TS-00070,administracion_empresas
TS-00071,administracion_empresas
TS-00072,administracion_empresas
TS-00073,administracion_empresas
TS-00074,administracion_empresas
TS-00075,administracion_empresas
TS-00076,administracion_empresas
TS-00077,administracion_empresas
TS-00078,administracion_empresas
TS-00079,administracion_empresas
TS-00080,administracion_empresas
TS-00081,administracion_empresas
TS-00082,administracion_empresas
TS-00083,administracion_empresas
TS-00084,administracion_empresas
TS-00085,administracion_empresas
TS-00086,administracion_empresas
TS-00087,administracion_empresas
TS-00088,administracion_empresas
TS-00089,administracion_empresas
TS-00090,administracion_empresas
TS-00091,administracion_empresas
TS-00092,administracion_empresas
TS-00093,administracion_empresas
TS-00094,administracion_empresas
TS-00095,administracion_empresas
TS-00096,administracion_empresas
TS-00097,administracion_empresas
TS-00098,administracion_empresas
TS-00099,administracion_empresas
TS-00100,administracion_empresas
TS-00101,administracion_empresas
TS-00102,administracion_empresas
TS-00103,administracion_empresas
TS-00104,administracion_empresas
TS-00105,administracion_empresas
TS-00106,administracion_empresas
TS-00107,administracion_empresas
TS-00108,administracion_empresas
TS-00109,administracion_empresas
TS-00110,administracion_empresas
TS-00111,administracion_empresas
TS-00112,administracion_empresas
TS-00113,administracion_empresas
TS-00114,administracion_empresas
TS-00115,administracion_empresas
TS-00116,administracion_empresas
TS-00117,administracion_empresas
TS-00118,administracion_empresas
TS-00119,administracion_empresas
TS-00120,administracion_empresas
TS-00121,administracion_empresas
TS-00122,administracion_empresas
TS-00123,administracion_empresas
TS-00124,administracion_empresas
TS-00125,administracion_empresas
TS-00126,administracion_empresas
TS-00127,administracion_empresas
TS-00128,administracion_empresas
TS-00129,administracion_empresas
TS-00130,administracion_empresas
TS-00131,administracion_empresas
TS-00132,administracion_empresas
TS-00133,administracion_empresas
TS-00134,administracion_empresas
TS-00135,administracion_empresas
TS-00136,administracion_empresas
TS-00137,administracion_empresas
TS-00138,administracion_empresas
TS-00139,administracion_empresas
TS-00140,administracion_empresas
TS-00141,administracion_empresas
TS-00142,administracion_empresas
TS-00143,administracion_empresas
TS-00144,administracion_empresas
TS-00145,administracion_empresas
TS-00146,administracion_empresas
TS-00147,administracion_empresas
TS-00148,administracion_empresas
TS-00149,administracion_empresas
TS-00150,administracion_empresas
TS-00151,administracion_empresas
TS-00152,administracion_empresas
TS-00153,administracion_empresas
TS-00154,administracion_empresas
TS-00155,administracion_empresas
TS-00156,administracion_empresas
TS-00157,administracion_empresas
TS-00158,administracion_empresas
TS-00159,administracion_empresas
TS-00160,administracion_empresas
TS-00161,administracion_empresas
TS-00162,administracion_empresas
TS-00163,administracion_empresas
TS-00164,administracion_empresas
TS-00165,administracion_empresas
TS-00166,administracion_empresas
TS-00167,administracion_empresas
TS-00168,administracion_empresas
TS-00169,administracion_empresas
TS-00170,administracion_empresas
TS-00171,administracion_empresas
TS-00172,administracion_empresas
TS-00173,administracion_empresas
TS-00174,administracion_empresas
TS-00175,administracion_empresas
TS-00176,administracion_empresas
TS-00177,administracion_empresas
TS-00178,administracion_empresas
TS-00179,administracion_empresas
TS-00180,administracion_empresas
TS-00181,administracion_empresas
TS-00182,administracion_empresas
TS-00183,administracion_empresas
TS-00184,administracion_empresas
TS-00185,administracion_empresas
TS-00186,administracion_empresas
TS-00187,administracion_empresas
TS-00188,administracion_empresas
TS-00189,administracion_empresas
TS-00190,administracion_empresas
TS-00191,administracion_empresas
TS-00192,administracion_empresas
TS-00193,administracion_empresas
TS-00194,administracion_empresas
TS-00195,administracion_empresas
TS-00196,administracion_empresas
TS-00197,administracion_empresas
TS-00198,administracion_empresas
TS-00199,administracion_empresas
TS-00200,administracion_empresas
TS-00201,administracion_empresas
TS-00202,administracion_empresas
TS-00203,administracion_empresas
TS-00204,administracion_empresas
TS-00205,administracion_empresas
TS-00206,administracion_empresas
TS-00207,administracion_empresas
TS-00208,administracion_empresas
TS-00209,administracion_empresas
TS-00210,administracion_empresas
TS-00211,administracion_empresas
TS-00212,administracion_empresas
TS-00213,administracion_empresas
TS-00214,administracion_empresas
TS-00215,administracion_empresas
TS-00216,administracion_empresas
TS-00217,administracion_empresas
TS-00218,administracion_empresas
TS-00219,administracion_empresas
TS-00220,administracion_empresas
TS-00221,administracion_empresas
TS-00222,administracion_empresas
TS-00223,administracion_empresas
TS-00224,administracion_empresas
TS-00225,administracion_empresas
TS-00226,administracion_empresas
TS-00227,administracion_empresas
TS-00228,administracion_empresas
TS-00229,administracion_empresas
TS-00230,administracion_empresas
TS-00231,administracion_empresas
TS-00232,administracion_empresas
TS-00233,administracion_empresas
TS-00234,administracion_empresas
TS-00235,administracion_empresas
TS-00236,administracion_empresas
TS-00237,administracion_empresas
TS-00238,administracion_empresas
TS-00239,administracion_empresas
TS-00240,administracion_empresas
TS-00241,administracion_empresas
TS-00242,administracion_empresas
TS-00243,administracion_empresas
TS-00244,administracion_empresas
TS-00245,administracion_empresas
TS-00246,administracion_empresas
TS-00247,administracion_empresas
TS-00248,administracion_empresas
TS-00249,administracion_empresas
TS-00250,administracion_empresas
TS-00251,administracion_empresas
TS-00252,administracion_empresas
TS-00253,administracion_empresas
TS-00254,administracion_empresas
TS-00255,administracion_empresas
TS-00256,administracion_empresas
TS-00257,administracion_empresas
TS-00258,administracion_empresas
TS-00259,administracion_empresas
TS-00260,administracion_empresas
TS-00261,administracion_empresas
TS-00262,administracion_empresas
TS-00263,administracion_empresas
TS-00264,administracion_empresas
TS-00265,administracion_empresas
TS-00266,administracion_empresas
TS-00267,administracion_empresas
TS-00268,administracion_empresas
TS-00269,administracion_empresas
TS-00270,administracion_empresas
TS-00271,administracion_empresas
TS-00272,administracion_empresas
TS-00273,administracion_empresas
TS-00274,administracion_empresas
TS-00275,administracion_empresas
TS-00276,administracion_empresas
TS-00277,administracion_empresas
TS-00278,administracion_empresas
TS-00279,administracion_empresas
TS-00280,administracion_empresas
TS-00281,administracion_empresas
TS-00282,administracion_empresas
TS-00283,administracion_empresas
TS-00284,administracion_empresas
TS-00285,administracion_empresas
TS-00286,administracion_empresas
TS-00287,administracion_empresas
TS-00288,administracion_empresas
TS-00289,administracion_empresas
TS-00290,administracion_empresas
TS-00291,administracion_empresas
TS-00292,administracion_empresas
TS-00293,administracion_empresas
TS-00294,administracion_empresas
TS-00295,administracion_empresas
TS-00296,administracion_empresas
TS-00297,administracion_empresas
TS-00298,administracion_empresas
TS-00299,administracion_empresas
TS-00300,administracion_empresas
TS-00301,administracion_empresas
TS-00302,administracion_empresas
TS-00303,administracion_empresas
TS-00304,administracion_empresas
TS-00305,administracion_empresas
TS-00306,administracion_empresas
TS-00307,administracion_empresas
TS-00308,administracion_empresas
TS-00309,administracion_empresas
TS-00310,administracion_empresas
TS-00311,administracion_empresas
TS-00312,administracion_empresas
TS-00313,administracion_empresas
TS-00314,administracion_empresas
TS-00315,administracion_empresas
TS-00316,administracion_empresas
TS-00317,administracion_empresas
TS-00318,administracion_empresas
TS-00319,administracion_empresas
TS-00320,administracion_empresas
TS-00321,administracion_empresas
TS-00322,administracion_empresas
TS-00323,administracion_empresas
TS-00324,administracion_empresas
TS-00325,administracion_empresas
TS-00326,administracion_empresas
TS-00327,administracion_empresas
TS-00328,administracion_empresas
TS-00329,administracion_empresas
TS-00330,administracion_empresas
TS-00331,administracion_empresas
TS-00332,administracion_empresas
TS-00333,administracion_empresas
TS-00334,administracion_empresas
TS-00335,administracion_empresas
TS-00336,administracion_empresas
TS-00337,administracion_empresas
TS-00338,administracion_empresas
TS-00339,administracion_empresas
TS-00340,administracion_empresas
TS-00341,administracion_empresas
TS-00342,administracion_empresas
TS-00343,administracion_empresas
TS-00344,administracion_empresas
TS-00345,administracion_empresas
TS-00346,administracion_empresas
TS-00347,administracion_empresas
TS-00348,administracion_empresas
TS-00349,administracion_empresas
TS-00350,administracion_empresas
TS-00351,administracion_empresas
TS-00352,administracion_empresas
TS-00353,administracion_empresas
TS-00354,administracion_empresas
TS-00355,administracion_empresas
TS-00356,administracion_empresas
TS-00357,administracion_empresas
TS-00358,administracion_empresas
TS-00359,administracion_empresas
TS-00360,administracion_empresas
TS-00361,administracion_empresas
TS-00362,administracion_empresas
TS-00363,administracion_empresas
TS-00364,administracion_empresas
TS-00365,administracion_empresas
TS-00366,administracion_empresas
TS-00367,administracion_empresas
TS-00368,administracion_empresas
TS-00369,administracion_empresas
TS-00370,administracion_empresas
TS-00371,administracion_empresas
TS-00372,administracion_empresas
TS-00373,administracion_empresas
TS-00374,administracion_empresas
TS-00375,administracion_empresas
TS-00376,administracion_empresas
TS-00377,administracion_empresas
TS-00378,administracion_empresas
TS-00379,administracion_empresas
TS-00380,administracion_empresas
TS-00381,administracion_empresas
TS-00382,administracion_empresas
TS-00383,administracion_empresas
TS-00384,administracion_empresas
TS-00385,administracion_empresas
TS-00386,administracion_empresas
TS-00387,administracion_empresas
TS-00388,administracion_empresas
TS-00389,administracion_empresas
TS-00390,administracion_empresas
TS-00391,administracion_empresas
TS-00392,administracion_empresas
TS-00393,administracion_empresas
TS-00394,administracion_empresas
TS-00395,administracion_empresas
TS-00396,administracion_empresas
TS-00397,administracion_empresas
TS-00398,administracion_empresas
TS-00399,administracion_empresas
TS-00400,administracion_empresas
TS-00401,administracion_empresas
TS-00402,administracion_empresas
TS-00403,administracion_empresas
TS-00404,administracion_empresas
TS-00405,administracion_empresas
TS-00406,administracion_empresas
TS-00407,administracion_empresas
TS-00408,administracion_empresas
TS-00409,administracion_empresas
TS-00410,administracion_empresas
TS-00411,administracion_empresas
TS-00412,administracion_empresas
TS-00413,administracion_empresas
TS-00414,administracion_empresas
TS-00415,administracion_empresas
TS-00416,administracion_empresas
TS-00417,administracion_empresas
TS-00418,administracion_empresas
TS-00419,administracion_empresas
TS-00420,administracion_empresas
TS-00421,administracion_empresas
TS-00422,administracion_empresas
TS-00423,administracion_empresas
TS-00424,administracion_empresas
TS-00425,administracion_empresas
TS-00426,administracion_empresas
TS-00427,administracion_empresas
TS-00428,administracion_empresas
TS-00429,administracion_empresas
TS-00430,administracion_empresas
TS-00431,administracion_empresas
TS-00432,administracion_empresas
TS-00433,administracion_empresas
TS-00434,administracion_empresas
TS-00435,administracion_empresas
TS-00436,administracion_empresas
TS-00437,administracion_empresas
TS-00438,administracion_empresas
TS-00439,administracion_empresas
TS-00440,administracion_empresas
TS-00441,administracion_empresas
TS-00442,administracion_empresas
TS-00443,administracion_empresas
TS-00444,administracion_empresas
TS-00445,administracion_empresas
TS-00446,administracion_empresas
TS-00447,administracion_empresas
TS-00448,administracion_empresas
TS-00449,administracion_empresas
TS-00450,administracion_empresas
TS-00451,administracion_empresas
TS-00452,administracion_empresas
TS-00453,administracion_empresas
TS-00454,administracion_empresas
TS-00455,administracion_empresas
TS-00456,administracion_empresas
TS-00457,administracion_empresas
TS-00458,administracion_empresas
TS-00459,administracion_empresas
TS-00460,administracion_empresas
TS-00461,administracion_empresas
TS-00462,administracion_empresas
TS-00463,administracion_empresas
TS-00464,administracion_empresas
TS-00465,administracion_empresas
TS-00466,administracion_empresas
TS-00467,administracion_empresas
TS-00468,administracion_empresas
TS-00469,administracion_empresas
TS-00470,administracion_empresas
TS-00471,administracion_empresas
TS-00472,administracion_empresas
TS-00473,administracion_empresas
TS-00474,administracion_empresas
TS-00475,administracion_empresas
TS-00476,administracion_empresas
TS-00477,administracion_empresas
TS-00478,administracion_empresas
TS-00479,administracion_empresas
TS-00480,administracion_empresas
TS-00481,administracion_empresas
TS-00482,administracion_empresas
TS-00483,administracion_empresas
TS-00484,administracion_empresas
TS-00485,administracion_empresas
TS-00486,administracion_empresas
TS-00487,administracion_empresas
TS-00488,administracion_empresas
TS-00489,administracion_empresas
TS-00490,administracion_empresas
TS-00491,administracion_empresas
TS-00492,administracion_empresas
TS-00493,administracion_empresas
TS-00494,administracion_empresas
TS-00495,administracion_empresas
TS-00496,administracion_empresas
TS-00497,administracion_empresas
TS-00498,administracion_empresas
TS-00499,administracion_empresas
TS-00500,administracion_empresas
TS-00501,administracion_empresas
TS-00502,administracion_empresas
TS-00503,administracion_empresas
TS-00504,administracion_empresas
TS-00505,administracion_empresas
TS-00506,administracion_empresas
TS-00507,administracion_empresas
TS-00508,administracion_empresas
TS-00509,administracion_empresas
TS-00510,administracion_empresas
TS-00511,administracion_empresas
TS-00512,administracion_empresas
TS-00513,administracion_empresas
TS-00514,administracion_empresas
TS-00515,administracion_empresas
TS-00516,administracion_empresas
TS-00517,administracion_empresas
TS-00518,administracion_empresas
TS-00519,administracion_empresas
TS-00520,administracion_empresas
TS-00521,administracion_empresas
TS-00522,administracion_empresas
TS-00523,administracion_empresas
TS-00524,administracion_empresas
TS-00525,administracion_empresas
TS-00526,administracion_empresas
TS-00527,administracion_empresas
TS-00528,administracion_empresas
TS-00529,administracion_empresas
TS-00530,administracion_empresas
TS-00531,administracion_empresas
TS-00532,administracion_empresas
TS-00533,administracion_empresas
TS-00534,administracion_empresas
TS-00535,administracion_empresas
TS-00536,administracion_empresas
TS-00537,administracion_empresas
TS-00538,administracion_empresas
TS-00539,administracion_empresas
TS-00540,administracion_empresas
TS-00541,administracion_empresas
TS-00542,administracion_empresas
TS-00543,administracion_empresas
TS-00544,administracion_empresas
TS-00545,administracion_empresas
TS-00546,administracion_empresas
TS-00547,administracion_empresas
TS-00548,administracion_empresas
TS-00549,administracion_empresas
TS-00550,administracion_empresas
TS-00551,administracion_empresas
TS-00552,administracion_empresas
TS-00553,administracion_empresas
TS-00554,administracion_empresas
TS-00555,administracion_empresas
TS-00556,administracion_empresas
TS-00557,administracion_empresas
TS-00558,administracion_empresas
TS-00559,administracion_empresas
TS-00560,administracion_empresas
TS-00561,administracion_empresas
TS-00562,administracion_empresas
TS-00563,administracion_empresas
TS-00564,administracion_empresas
TS-00565,administracion_empresas
TS-00566,administracion_empresas
TS-00567,administracion_empresas
TS-00568,administracion_empresas
TS-00569,administracion_empresas
TS-00570,administracion_empresas
TS-00571,administracion_empresas
TS-00572,administracion_empresas
TS-00573,administracion_empresas
TS-00574,administracion_empresas
TS-00575,administracion_empresas
TS-00576,administracion_empresas
TS-00577,administracion_empresas
TS-00578,administracion_empresas
TS-00579,administracion_empresas
TS-00580,administracion_empresas
TS-00581,administracion_empresas
TS-00582,administracion_empresas
TS-00583,administracion_empresas
TS-00584,administracion_empresas
TS-00585,administracion_empresas
TS-00586,administracion_empresas
TS-00587,administracion_empresas
TS-00588,administracion_empresas
TS-00589,administracion_empresas
TS-00590,administracion_empresas
TS-00591,administracion_empresas
TS-00592,administracion_empresas
TS-00593,administracion_empresas
TS-00594,administracion_empresas
TS-00595,administracion_empresas
TS-00596,administracion_empresas
TS-00597,administracion_empresas
TS-00598,administracion_empresas
TS-00599,administracion_empresas
TS-00600,administracion_empresas
TS-00601,administracion_empresas
TS-00602,administracion_empresas
TS-00603,administracion_empresas
TS-00604,administracion_empresas
TS-00605,administracion_empresas
TS-00606,administracion_empresas
TS-00607,administracion_empresas
TS-00608,administracion_empresas
TS-00609,administracion_empresas
TS-00610,administracion_empresas
TS-00611,administracion_empresas
TS-00612,administracion_empresas
TS-00613,administracion_empresas
TS-00614,administracion_empresas
TS-00615,administracion_empresas
TS-00616,administracion_empresas
TS-00617,administracion_empresas
TS-00618,administracion_empresas
TS-00619,administracion_empresas
TS-00620,administracion_empresas
TS-00621,administracion_empresas
TS-00622,administracion_empresas
TS-00623,administracion_empresas
TS-00624,administracion_empresas
TS-00625,administracion_empresas
TS-00626,administracion_empresas
TS-00627,administracion_empresas
TS-00628,administracion_empresas
TS-00629,administracion_empresas
TS-00630,administracion_empresas
TS-00631,administracion_empresas
TS-00632,administracion_empresas
TS-00633,administracion_empresas
TS-00634,administracion_empresas
TS-00635,administracion_empresas
TS-00636,administracion_empresas
TS-00637,administracion_empresas
TS-00638,administracion_empresas
TS-00639,administracion_empresas
TS-00640,administracion_empresas
TS-00641,administracion_empresas
TS-00642,administracion_empresas
TS-00643,administracion_empresas
TS-00644,administracion_empresas
TS-00645,administracion_empresas
TS-00646,administracion_empresas
TS-00647,administracion_empresas
TS-00648,administracion_empresas
TS-00649,administracion_empresas
TS-00650,administracion_empresas
TS-00651,administracion_empresas
TS-00652,administracion_empresas
TS-00653,administracion_empresas
TS-00654,administracion_empresas
TS-00655,administracion_empresas
TS-00656,administracion_empresas
TS-00657,administracion_empresas
TS-00658,administracion_empresas
TS-00659,administracion_empresas
TS-00660,administracion_empresas
TS-00661,administracion_empresas
TS-00662,administracion_empresas
TS-00663,administracion_empresas
TS-00664,administracion_empresas
TS-00665,administracion_empresas
TS-00666,administracion_empresas
TS-00667,administracion_empresas
TS-00668,administracion_empresas
TS-00669,administracion_empresas
TS-00670,administracion_empresas
TS-00671,administracion_empresas
TS-00672,administracion_empresas
TS-00673,administracion_empresas
TS-00674,administracion_empresas
TS-00675,administracion_empresas
TS-00676,administracion_empresas
TS-00677,administracion_empresas
TS-00678,administracion_empresas
TS-00679,administracion_empresas
TS-00680,administracion_empresas
TS-00681,administracion_empresas
TS-00682,administracion_empresas
TS-00683,administracion_empresas
TS-00684,administracion_empresas
TS-00685,administracion_empresas
TS-00686,administracion_empresas
TS-00687,administracion_empresas
TS-00688,administracion_empresas
TS-00689,administracion_empresas
TS-00690,administracion_empresas
TS-00691,administracion_empresas
TS-00692,administracion_empresas
TS-00693,administracion_empresas
TS-00694,administracion_empresas
TS-00695,administracion_empresas
TS-00696,administracion_empresas
TS-00697,administracion_empresas
TS-00698,administracion_empresas
TS-00699,administracion_empresas
TS-00700,administracion_empresas
TS-00701,administracion_empresas
TS-00702,administracion_empresas
TS-00703,administracion_empresas
TS-00704,administracion_empresas
TS-00705,administracion_empresas
TS-00706,administracion_empresas
TS-00707,administracion_empresas
TS-00708,administracion_empresas
TS-00709,administracion_empresas
TS-00710,administracion_empresas
TS-00711,administracion_empresas
TS-00712,administracion_empresas
TS-00713,administracion_empresas
TS-00714,administracion_empresas
TS-00715,administracion_empresas
TS-00716,administracion_empresas
TS-00717,administracion_empresas
TS-00718,administracion_empresas
TS-00719,administracion_empresas
TS-00720,administracion_empresas
TS-00721,administracion_empresas
TS-00722,administracion_empresas
TS-00723,administracion_empresas
TS-00724,administracion_empresas
TS-00725,administracion_empresas
TS-00726,administracion_empresas
TS-00727,administracion_empresas
TS-00728,administracion_empresas
TS-00729,administracion_empresas
TS-00730,administracion_empresas
TS-00731,administracion_empresas
TS-00732,administracion_empresas
TS-00733,administracion_empresas
TS-00734,administracion_empresas
TS-00735,administracion_empresas
TS-00736,administracion_empresas
TS-00737,administracion_empresas
TS-00738,administracion_empresas
TS-00739,administracion_empresas
TS-00740,administracion_empresas
TS-00741,administracion_empresas
TS-00742,administracion_empresas
TS-00743,administracion_empresas
TS-00744,administracion_empresas
TS-00745,administracion_empresas
TS-00746,administracion_empresas
TS-00747,administracion_empresas
TS-00748,administracion_empresas
TS-00749,administracion_empresas
TS-00750,administracion_empresas
TS-00751,administracion_empresas
TS-00752,administracion_empresas
TS-00753,administracion_empresas
TS-00754,administracion_empresas
TS-00755,administracion_empresas
TS-00756,administracion_empresas
TS-00757,administracion_empresas
TS-00758,administracion_empresas
TS-00759,administracion_empresas
TS-00760,administracion_empresas
TS-00761,administracion_empresas
TS-00762,administracion_empresas
TS-00763,administracion_empresas
TS-00764,administracion_empresas
TS-00765,administracion_empresas
TS-00766,administracion_empresas
TS-00767,administracion_empresas
TS-00768,administracion_empresas
TS-00769,administracion_empresas
TS-00770,administracion_empresas
TS-00771,administracion_empresas
TS-00772,administracion_empresas
TS-00773,administracion_empresas
TS-00774,administracion_empresas
TS-00775,administracion_empresas
TS-00776,administracion_empresas
TS-00777,administracion_empresas
TS-00778,administracion_empresas
TS-00779,administracion_empresas
TS-00780,administracion_empresas
TS-00781,administracion_empresas
TS-00782,administracion_empresas
TS-00783,administracion_empresas
TS-00784,administracion_empresas
TS-00785,administracion_empresas
TS-00786,administracion_empresas
TS-00787,administracion_empresas
TS-00788,administracion_empresas
TS-00789,administracion_empresas
TS-00790,administracion_empresas
TS-00791,administracion_empresas
TS-00792,administracion_empresas
TS-00793,administracion_empresas
TS-00794,administracion_empresas
TS-00795,administracion_empresas
TS-00796,administracion_empresas
TS-00797,administracion_empresas
TS-00798,administracion_empresas
TS-00799,administracion_empresas
TS-00800,administracion_empresas
TS-00801,administracion_empresas
TS-00802,administracion_empresas
TS-00803,administracion_empresas
TS-00804,administracion_empresas
TS-00805,administracion_empresas
TS-00806,administracion_empresas
TS-00807,administracion_empresas
TS-00808,administracion_empresas
TS-00809,administracion_empresas
TS-00810,administracion_empresas
TS-00811,administracion_empresas
TS-00812,administracion_empresas
TS-00813,administracion_empresas
TS-00814,administracion_empresas
TS-00815,administracion_empresas
TS-00816,administracion_empresas
TS-00817,administracion_empresas
TS-00818,administracion_empresas
TS-00819,administracion_empresas
TS-00820,administracion_empresas
TS-00821,administracion_empresas
TS-00822,administracion_empresas
TS-00823,administracion_empresas
TS-00824,administracion_empresas
TS-00825,administracion_empresas
TS-00826,administracion_empresas
TS-00827,administracion_empresas
TS-00828,administracion_empresas
TS-00829,administracion_empresas
TS-00830,administracion_empresas
TS-00831,administracion_empresas
TS-00832,administracion_empresas
TS-00833,administracion_empresas
TS-00834,administracion_empresas
TS-00835,administracion_empresas
TS-00836,administracion_empresas
TS-00837,administracion_empresas
TS-00838,administracion_empresas
TS-00839,administracion_empresas
TS-00840,administracion_empresas
TS-00841,administracion_empresas
TS-00842,administracion_empresas
TS-00843,administracion_empresas
TS-00844,administracion_empresas
TS-00845,administracion_empresas
TS-00846,administracion_empresas
TS-00847,administracion_empresas
TS-00848,administracion_empresas
TS-00849,administracion_empresas
TS-00850,administracion_empresas
TS-00851,administracion_empresas
TS-00852,administracion_empresas
TS-00853,administracion_empresas
TS-00854,administracion_empresas
TS-00855,administracion_empresas
TS-00856,administracion_empresas
TS-00857,administracion_empresas
TS-00858,administracion_empresas
TS-00859,administracion_empresas
TS-00860,administracion_empresas
TS-00861,administracion_empresas
TS-00862,administracion_empresas
TS-00863,administracion_empresas
TS-00864,administracion_empresas
TS-00865,administracion_empresas
TS-00866,administracion_empresas
TS-00867,administracion_empresas
TS-00868,administracion_empresas
TS-00869,administracion_empresas
TS-00870,administracion_empresas
TS-00871,administracion_empresas
TS-00872,administracion_empresas
TS-00873,administracion_empresas
TS-00874,administracion_empresas
TS-00875,administracion_empresas
TS-00876,administracion_empresas
TS-00877,administracion_empresas
TS-00878,administracion_empresas
TS-00879,administracion_empresas
TS-00880,administracion_empresas
TS-00881,administracion_empresas
TS-00882,administracion_empresas
TS-00883,administracion_empresas
TS-00884,administracion_empresas
TS-00885,administracion_empresas
TS-00886,administracion_empresas
TS-00887,administracion_empresas
TS-00888,administracion_empresas
TS-00889,administracion_empresas
TS-00890,administracion_empresas
TS-00891,administracion_empresas
TS-00892,administracion_empresas
TS-00893,administracion_empresas
TS-00894,administracion_empresas
TS-00895,administracion_empresas
TS-00896,administracion_empresas
TS-00897,administracion_empresas
TS-00898,administracion_empresas
TS-00899,administracion_empresas
TS-00900,administracion_empresas
TS-00901,administracion_empresas
TS-00902,administracion_empresas
TS-00903,administracion_empresas
TS-00904,administracion_empresas
TS-00905,administracion_empresas
TS-00906,administracion_empresas
TS-00907,administracion_empresas
TS-00908,administracion_empresas
TS-00909,administracion_empresas
TS-00910,administracion_empresas
TS-00911,administracion_empresas
TS-00912,administracion_empresas
TS-00913,administracion_empresas
TS-00914,administracion_empresas
TS-00915,administracion_empresas
TS-00916,administracion_empresas
TS-00917,administracion_empresas
TS-00918,administracion_empresas
TS-00919,administracion_empresas
TS-00920,administracion_empresas
TS-00921,administracion_empresas
TS-00922,administracion_empresas
TS-00923,administracion_empresas
TS-00924,administracion_empresas
TS-00925,administracion_empresas
TS-00926,administracion_empresas
TS-00927,administracion_empresas
TS-00928,administracion_empresas
TS-00929,administracion_empresas
TS-00930,administracion_empresas
TS-00931,administracion_empresas
TS-00932,administracion_empresas
TS-00933,administracion_empresas
TS-00934,administracion_empresas
TS-00935,administracion_empresas
TS-00936,administracion_empresas
TS-00937,administracion_empresas
TS-00938,administracion_empresas
TS-00939,administracion_empresas
TS-00940,administracion_empresas
TS-00941,administracion_empresas
TS-00942,administracion_empresas
TS-00943,administracion_empresas
TS-00944,administracion_empresas
TS-00945,administracion_empresas
TS-00946,administracion_empresas
TS-00947,administracion_empresas
TS-00948,administracion_empresas
TS-00949,administracion_empresas
TS-00950,administracion_empresas
TS-00951,administracion_empresas
TS-00952,administracion_empresas
TS-00953,administracion_empresas
TS-00954,administracion_empresas
TS-00955,administracion_empresas
TS-00956,administracion_empresas
TS-00957,administracion_empresas
TS-00958,administracion_empresas
TS-00959,administracion_empresas
TS-00960,administracion_empresas
TS-00961,administracion_empresas
TS-00962,administracion_empresas
TS-00963,administracion_empresas
TS-00964,administracion_empresas
TS-00965,administracion_empresas
TS-00966,administracion_empresas
TS-00967,administracion_empresas
TS-00968,administracion_empresas
TS-00969,administracion_empresas
TS-00970,administracion_empresas
TS-00971,administracion_empresas
TS-00972,administracion_empresas
TS-00973,administracion_empresas
TS-00974,administracion_empresas
TS-00975,administracion_empresas
TS-00976,administracion_empresas
TS-00977,administracion_empresas
TS-00978,administracion_empresas
TS-00979,administracion_empresas
TS-00980,administracion_empresas
TS-00981,administracion_empresas
TS-00982,administracion_empresas
TS-00983,administracion_empresas
TS-00984,administracion_empresas
TS-00985,administracion_empresas
TS-00986,administracion_empresas
TS-00987,administracion_empresas
TS-00988,administracion_empresas
TS-00989,administracion_empresas
TS-00990,administracion_empresas
TS-00991,administracion_empresas
TS-00992,administracion_empresas
TS-00993,administracion_empresas
TS-00994,administracion_empresas
TS-00995,administracion_empresas
TS-00996,administracion_empresas
TS-00997,administracion_empresas
TS-00998,administracion_empresas
TS-00999,administracion_empresas
TS-01000,administracion_empresas
TS-01001,administracion_empresas
TS-01002,administracion_empresas
TS-01003,administracion_empresas
TS-01004,administracion_empresas
TS-01005,administracion_empresas
TS-01006,administracion_empresas
TS-01007,administracion_empresas
TS-01008,administracion_empresas
TS-01009,administracion_empresas
TS-01010,administracion_empresas
TS-01011,administracion_empresas
TS-01012,administracion_empresas
TS-01013,administracion_empresas
TS-01014,administracion_empresas
TS-01015,administracion_empresas
TS-01016,administracion_empresas
TS-01017,administracion_empresas
TS-01018,administracion_empresas
TS-01019,administracion_empresas
TS-01020,administracion_empresas
TS-01021,administracion_empresas
TS-01022,administracion_empresas
TS-01023,administracion_empresas
TS-01024,administracion_empresas
TS-01025,administracion_empresas
TS-01026,administracion_empresas
TS-01027,administracion_empresas
TS-01028,administracion_empresas
TS-01029,administracion_empresas
TS-01030,administracion_empresas
TS-01031,administracion_empresas
TS-01032,administracion_empresas
TS-01033,administracion_empresas
TS-01034,administracion_empresas
TS-01035,administracion_empresas
TS-01036,administracion_empresas
TS-01037,administracion_empresas
TS-01038,administracion_empresas
TS-01039,administracion_empresas
TS-01040,administracion_empresas
TS-01041,administracion_empresas
TS-01042,administracion_empresas
TS-01043,administracion_empresas
TS-01044,administracion_empresas
TS-01045,administracion_empresas
TS-01046,administracion_empresas
TS-01047,administracion_empresas
TS-01048,administracion_empresas
TS-01049,administracion_empresas
TS-01050,administracion_empresas
TS-01051,administracion_empresas
TS-01052,administracion_empresas
TS-01053,administracion_empresas
TS-01054,administracion_empresas
TS-01055,administracion_empresas
TS-01056,administracion_empresas
TS-01057,administracion_empresas
TS-01058,administracion_empresas
TS-01059,administracion_empresas
TS-01060,administracion_empresas
TS-01061,administracion_empresas
TS-01062,administracion_empresas
TS-01063,administracion_empresas
TS-01064,administracion_empresas
TS-01065,administracion_empresas
TS-01066,administracion_empresas
TS-01067,administracion_empresas
TS-01068,administracion_empresas
TS-01069,administracion_empresas
TS-01070,administracion_empresas
TS-01071,administracion_empresas
TS-01072,administracion_empresas
TS-01073,administracion_empresas
TS-01074,administracion_empresas
TS-01075,administracion_empresas
TS-01076,administracion_empresas
TS-01077,administracion_empresas
TS-01078,administracion_empresas
TS-01079,administracion_empresas
TS-01080,administracion_empresas
TS-01081,administracion_empresas
TS-01082,administracion_empresas
TS-01083,administracion_empresas
TS-01084,administracion_empresas
TS-01085,administracion_empresas
TS-01086,administracion_empresas
TS-01087,administracion_empresas
TS-01088,administracion_empresas
TS-01089,administracion_empresas
TS-01090,administracion_empresas
TS-01091,administracion_empresas
TS-01092,administracion_empresas
TS-01093,administracion_empresas
TS-01094,administracion_empresas
TS-01095,administracion_empresas
TS-01096,administracion_empresas
TS-01097,administracion_empresas
TS-01098,administracion_empresas
TS-01099,administracion_empresas
TS-01100,administracion_empresas
TS-01101,administracion_empresas
TS-01102,administracion_empresas
TS-01103,administracion_empresas
TS-01104,administracion_empresas
TS-01105,administracion_empresas
TS-01106,administracion_empresas
TS-01107,administracion_empresas
TS-01108,administracion_empresas
TS-01109,administracion_empresas
TS-01110,administracion_empresas
TS-01111,administracion_empresas
TS-01112,administracion_empresas
TS-01113,administracion_empresas
TS-01114,administracion_empresas
TS-01115,administracion_empresas
TS-01116,administracion_empresas
TS-01117,administracion_empresas
TS-01118,administracion_empresas
TS-01119,administracion_empresas
TS-01120,administracion_empresas
TS-01121,administracion_empresas
TS-01122,administracion_empresas
TS-01123,administracion_empresas
TS-01124,administracion_empresas
TS-01125,administracion_empresas
TS-01126,administracion_empresas
TS-01127,administracion_empresas
TS-01128,administracion_empresas
TS-01129,administracion_empresas
TS-01130,administracion_empresas
TS-01131,administracion_empresas
TS-01132,administracion_empresas
TS-01133,administracion_empresas
TS-01134,administracion_empresas
TS-01135,administracion_empresas
TS-01136,administracion_empresas
TS-01137,administracion_empresas
TS-01138,administracion_empresas
TS-01139,administracion_empresas
TS-01140,administracion_empresas
TS-01141,administracion_empresas
TS-01142,administracion_empresas
TS-01143,administracion_empresas
TS-01144,administracion_empresas
TS-01145,administracion_empresas
TS-01146,administracion_empresas
TS-01147,administracion_empresas
TS-01148,administracion_empresas
TS-01149,administracion_empresas
TS-01150,administracion_empresas
TS-01151,administracion_empresas
TS-01152,administracion_empresas
TS-01153,administracion_empresas
TS-01154,administracion_empresas
TS-01155,administracion_empresas
TS-01156,administracion_empresas
TS-01157,administracion_empresas
TS-01158,administracion_empresas
TS-01159,administracion_empresas
TS-01160,administracion_empresas
TS-01161,administracion_empresas
TS-01162,administracion_empresas
TS-01163,administracion_empresas
TS-01164,administracion_empresas
TS-01165,administracion_empresas
TS-01166,administracion_empresas
TS-01167,administracion_empresas
TS-01168,administracion_empresas
TS-01169,administracion_empresas
TS-01170,administracion_empresas
TS-01171,administracion_empresas
TS-01172,administracion_empresas
TS-01173,administracion_empresas
TS-01174,administracion_empresas
TS-01175,administracion_empresas
TS-01176,administracion_empresas
TS-01177,administracion_empresas
TS-01178,administracion_empresas
TS-01179,administracion_empresas
TS-01180,administracion_empresas
TS-01181,administracion_empresas
TS-01182,administracion_empresas
TS-01183,administracion_empresas
TS-01184,administracion_empresas
TS-01185,administracion_empresas
TS-01186,administracion_empresas
TS-01187,administracion_empresas
TS-01188,administracion_empresas
TS-01189,administracion_empresas
TS-01190,administracion_empresas
TS-01191,administracion_empresas
TS-01192,administracion_empresas
TS-01193,administracion_empresas
TS-01194,administracion_empresas
TS-01195,administracion_empresas
TS-01196,administracion_empresas
TS-01197,administracion_empresas
TS-01198,administracion_empresas
TS-01199,administracion_empresas
TS-01200,administracion_empresas
TS-01201,administracion_empresas
TS-01202,administracion_empresas
TS-01203,administracion_empresas
TS-01204,administracion_empresas
TS-01205,administracion_empresas
TS-01206,administracion_empresas
TS-01207,administracion_empresas
TS-01208,administracion_empresas
TS-01209,administracion_empresas
TS-01210,administracion_empresas
TS-01211,administracion_empresas
TS-01212,administracion_empresas
TS-01213,administracion_empresas
TS-01214,administracion_empresas
TS-01215,administracion_empresas
TS-01216,administracion_empresas
TS-01217,administracion_empresas
TS-01218,administracion_empresas
TS-01219,administracion_empresas
TS-01220,administracion_empresas
TS-01221,administracion_empresas
TS-01222,administracion_empresas
TS-01223,administracion_empresas
TS-01224,administracion_empresas
TS-01225,administracion_empresas
TS-01226,administracion_empresas
TS-01227,administracion_empresas
TS-01228,administracion_empresas
TS-01229,administracion_empresas
TS-01230,administracion_empresas
TS-01231,administracion_empresas
TS-01232,administracion_empresas
TS-01233,administracion_empresas
TS-01234,administracion_empresas
TS-01235,administracion_empresas
TS-01236,administracion_empresas
TS-01237,administracion_empresas
TS-01238,administracion_empresas
TS-01239,administracion_empresas
TS-01240,administracion_empresas
TS-01241,administracion_empresas
TS-01242,administracion_empresas
TS-01243,administracion_empresas
TS-01244,administracion_empresas
TS-01245,administracion_empresas
TS-01246,administracion_empresas
TS-01247,administracion_empresas
TS-01248,administracion_empresas
TS-01249,administracion_empresas
TS-01250,administracion_empresas
TS-01251,administracion_empresas
TS-01252,administracion_empresas
TS-01253,administracion_empresas
TS-01254,administracion_empresas
TS-01255,administracion_empresas
TS-01256,administracion_empresas
TS-01257,administracion_empresas
TS-01258,administracion_empresas
TS-01259,administracion_empresas
TS-01260,administracion_empresas
TS-01261,administracion_empresas
TS-01262,administracion_empresas
TS-01263,administracion_empresas
TS-01264,administracion_empresas
TS-01265,administracion_empresas
TS-01266,administracion_empresas
TS-01267,administracion_empresas
TS-01268,administracion_empresas
TS-01269,administracion_empresas
TS-01270,administracion_empresas
TS-01271,administracion_empresas
TS-01272,administracion_empresas
TS-01273,administracion_empresas
TS-01274,administracion_empresas
TS-01275,administracion_empresas
TS-01276,administracion_empresas
TS-01277,administracion_empresas
TS-01278,administracion_empresas
TS-01279,administracion_empresas
TS-01280,administracion_empresas
TS-01281,administracion_empresas
TS-01282,administracion_empresas
TS-01283,administracion_empresas
TS-01284,administracion_empresas
TS-01285,administracion_empresas
TS-01286,administracion_empresas
TS-01287,administracion_empresas
TS-01288,administracion_empresas
TS-01289,administracion_empresas
TS-01290,administracion_empresas
TS-01291,administracion_empresas
TS-01292,administracion_empresas
TS-01293,administracion_empresas
TS-01294,administracion_empresas
TS-01295,administracion_empresas
TS-01296,administracion_empresas
TS-01297,administracion_empresas
TS-01298,administracion_empresas
TS-01299,administracion_empresas
TS-01300,administracion_empresas
TS-01301,administracion_empresas
TS-01302,administracion_empresas
TS-01303,administracion_empresas
TS-01304,administracion_empresas
TS-01305,administracion_empresas
TS-01306,administracion_empresas
TS-01307,administracion_empresas
TS-01308,administracion_empresas
TS-01309,administracion_empresas
TS-01310,administracion_empresas
TS-01311,administracion_empresas
TS-01312,administracion_empresas
TS-01313,administracion_empresas
TS-01314,administracion_empresas
TS-01315,administracion_empresas
TS-01316,administracion_empresas
TS-01317,administracion_empresas
TS-01318,administracion_empresas
TS-01319,administracion_empresas
TS-01320,administracion_empresas
TS-01321,administracion_empresas
TS-01322,administracion_empresas
TS-01323,administracion_empresas
TS-01324,administracion_empresas
TS-01325,administracion_empresas
TS-01326,administracion_empresas
TS-01327,administracion_empresas
TS-01328,administracion_empresas
TS-01329,administracion_empresas
TS-01330,administracion_empresas
TS-01331,administracion_empresas
TS-01332,administracion_empresas
TS-01333,administracion_empresas
TS-01334,administracion_empresas
TS-01335,administracion_empresas
TS-01336,administracion_empresas
TS-01337,administracion_empresas
TS-01338,administracion_empresas
TS-01339,administracion_empresas
TS-01340,administracion_empresas
TS-01341,administracion_empresas
TS-01342,administracion_empresas
TS-01343,administracion_empresas
TS-01344,administracion_empresas
TS-01345,administracion_empresas
TS-01346,administracion_empresas
TS-01347,administracion_empresas
TS-01348,administracion_empresas
TS-01349,administracion_empresas
TS-01350,administracion_empresas
TS-01351,administracion_empresas
TS-01352,administracion_empresas
TS-01353,administracion_empresas
TS-01354,administracion_empresas
TS-01355,administracion_empresas
TS-01356,administracion_empresas
TS-01357,administracion_empresas
TS-01358,administracion_empresas
TS-01359,administracion_empresas
TS-01360,administracion_empresas
TS-01361,administracion_empresas
TS-01362,administracion_empresas
TS-01363,administracion_empresas
TS-01364,administracion_empresas
TS-01365,administracion_empresas
TS-01366,administracion_empresas
TS-01367,administracion_empresas
TS-01368,administracion_empresas
TS-01369,administracion_empresas
TS-01370,administracion_empresas
TS-01371,administracion_empresas
TS-01372,administracion_empresas
TS-01373,administracion_empresas
TS-01374,administracion_empresas
TS-01375,administracion_empresas
TS-01376,administracion_empresas
TS-01377,administracion_empresas
TS-01378,administracion_empresas
TS-01379,administracion_empresas
TS-01380,administracion_empresas
TS-01381,administracion_empresas
TS-01382,administracion_empresas
TS-01383,administracion_empresas
TS-01384,administracion_empresas
TS-01385,administracion_empresas
TS-01386,administracion_empresas
TS-01387,administracion_empresas
TS-01388,administracion_empresas
TS-01389,administracion_empresas
TS-01390,administracion_empresas
TS-01391,administracion_empresas
TS-01392,administracion_empresas
TS-01393,administracion_empresas
TS-01394,administracion_empresas
TS-01395,administracion_empresas
TS-01396,administracion_empresas
TS-01397,administracion_empresas
TS-01398,administracion_empresas
TS-01399,administracion_empresas
TS-01400,administracion_empresas
TS-01401,administracion_empresas
TS-01402,administracion_empresas
TS-01403,administracion_empresas
TS-01404,administracion_empresas
TS-01405,administracion_empresas
TS-01406,administracion_empresas
TS-01407,administracion_empresas
TS-01408,administracion_empresas
TS-01409,administracion_empresas
TS-01410,administracion_empresas
TS-01411,administracion_empresas
TS-01412,administracion_empresas
TS-01413,administracion_empresas
TS-01414,administracion_empresas
TS-01415,administracion_empresas
TS-01416,administracion_empresas
TS-01417,administracion_empresas
TS-01418,administracion_empresas
TS-01419,administracion_empresas
TS-01420,administracion_empresas
TS-01421,administracion_empresas
TS-01422,administracion_empresas
TS-01423,administracion_empresas
TS-01424,administracion_empresas
TS-01425,administracion_empresas
TS-01426,administracion_empresas
TS-01427,administracion_empresas
TS-01428,administracion_empresas
TS-01429,administracion_empresas
TS-01430,administracion_empresas
TS-01431,administracion_empresas
TS-01432,administracion_empresas
TS-01433,administracion_empresas
TS-01434,administracion_empresas
TS-01435,administracion_empresas
TS-01436,administracion_empresas
TS-01437,administracion_empresas
TS-01438,administracion_empresas
TS-01439,administracion_empresas
TS-01440,administracion_empresas
TS-01441,administracion_empresas
TS-01442,administracion_empresas
TS-01443,administracion_empresas
TS-01444,administracion_empresas
TS-01445,administracion_empresas
TS-01446,administracion_empresas
TS-01447,administracion_empresas
TS-01448,administracion_empresas
TS-01449,administracion_empresas
TS-01450,administracion_empresas
TS-01451,administracion_empresas
TS-01452,administracion_empresas
TS-01453,administracion_empresas
TS-01454,administracion_empresas
TS-01455,administracion_empresas
TS-01456,administracion_empresas
TS-01457,administracion_empresas
TS-01458,administracion_empresas
TS-01459,administracion_empresas
TS-01460,administracion_empresas
TS-01461,administracion_empresas
TS-01462,administracion_empresas
TS-01463,administracion_empresas
TS-01464,administracion_empresas
TS-01465,administracion_empresas
TS-01466,administracion_empresas
TS-01467,administracion_empresas
TS-01468,administracion_empresas
TS-01469,administracion_empresas
TS-01470,administracion_empresas
TS-01471,administracion_empresas
TS-01472,administracion_empresas
TS-01473,administracion_empresas
TS-01474,administracion_empresas
TS-01475,administracion_empresas
TS-01476,administracion_empresas
TS-01477,administracion_empresas
TS-01478,administracion_empresas
TS-01479,administracion_empresas
TS-01480,administracion_empresas
TS-01481,administracion_empresas
TS-01482,administracion_empresas
TS-01483,administracion_empresas
TS-01484,administracion_empresas
TS-01485,administracion_empresas
TS-01486,administracion_empresas
TS-01487,administracion_empresas
TS-01488,administracion_empresas
TS-01489,administracion_empresas
TS-01490,administracion_empresas
TS-01491,administracion_empresas
TS-01492,administracion_empresas
TS-01493,administracion_empresas
TS-01494,administracion_empresas
TS-01495,administracion_empresas
TS-01496,administracion_empresas
TS-01497,administracion_empresas
TS-01498,administracion_empresas
TS-01499,administracion_empresas
TS-01500,administracion_empresas
TS-01501,administracion_empresas
TS-01502,administracion_empresas
TS-01503,administracion_empresas
TS-01504,administracion_empresas
TS-01505,administracion_empresas
TS-01506,administracion_empresas
TS-01507,administracion_empresas
TS-01508,administracion_empresas
TS-01509,administracion_empresas
TS-01510,administracion_empresas
TS-01511,administracion_empresas
TS-01512,administracion_empresas
TS-01513,administracion_empresas
TS-01514,administracion_empresas
TS-01515,administracion_empresas
TS-01516,administracion_empresas
TS-01517,administracion_empresas
TS-01518,administracion_empresas
TS-01519,administracion_empresas
TS-01520,administracion_empresas
TS-01521,administracion_empresas
TS-01522,administracion_empresas
TS-01523,administracion_empresas
TS-01524,administracion_empresas
TS-01525,administracion_empresas
TS-01526,administracion_empresas
TS-01527,administracion_empresas
TS-01528,administracion_empresas
TS-01529,administracion_empresas
TS-01530,administracion_empresas
TS-01531,administracion_empresas
TS-01532,administracion_empresas
TS-01533,administracion_empresas
TS-01534,administracion_empresas
TS-01535,administracion_empresas
TS-01536,administracion_empresas
TS-01537,administracion_empresas
TS-01538,administracion_empresas
TS-01539,administracion_empresas
TS-01540,administracion_empresas
TS-01541,administracion_empresas
TS-01542,administracion_empresas
TS-01543,administracion_empresas
TS-01544,administracion_empresas
TS-01545,administracion_empresas
TS-01546,administracion_empresas
TS-01547,administracion_empresas
TS-01548,administracion_empresas
TS-01549,administracion_empresas
TS-01550,administracion_empresas
TS-01551,administracion_empresas
TS-01552,administracion_empresas
TS-01553,administracion_empresas
TS-01554,administracion_empresas
TS-01555,administracion_empresas
TS-01556,administracion_empresas
TS-01557,administracion_empresas
TS-01558,administracion_empresas
TS-01559,administracion_empresas
TS-01560,administracion_empresas
TS-01561,administracion_empresas
TS-01562,administracion_empresas
TS-01563,administracion_empresas
TS-01564,administracion_empresas
TS-01565,administracion_empresas
TS-01566,administracion_empresas
TS-01567,administracion_empresas
TS-01568,administracion_empresas
TS-01569,administracion_empresas
TS-01570,administracion_empresas
TS-01571,administracion_empresas
TS-01572,administracion_empresas
TS-01573,administracion_empresas
TS-01574,administracion_empresas
TS-01575,administracion_empresas
TS-01576,administracion_empresas
TS-01577,administracion_empresas
TS-01578,administracion_empresas
TS-01579,administracion_empresas
TS-01580,administracion_empresas
TS-01581,administracion_empresas
TS-01582,administracion_empresas
TS-01583,administracion_empresas
TS-01584,administracion_empresas
TS-01585,administracion_empresas
TS-01586,administracion_empresas
TS-01587,administracion_empresas
TS-01588,administracion_empresas
TS-01589,administracion_empresas
TS-01590,administracion_empresas
TS-01591,administracion_empresas
TS-01592,administracion_empresas
TS-01593,administracion_empresas
TS-01594,administracion_empresas
TS-01595,administracion_empresas
TS-01596,administracion_empresas
TS-01597,administracion_empresas
TS-01598,administracion_empresas
TS-01599,administracion_empresas
TS-01600,administracion_empresas
TS-01601,administracion_empresas
TS-01602,administracion_empresas
TS-01603,administracion_empresas
TS-01604,administracion_empresas
TS-01605,administracion_empresas
TS-01606,administracion_empresas
TS-01607,administracion_empresas
TS-01608,administracion_empresas
TS-01609,administracion_empresas
TS-01610,administracion_empresas
TS-01611,administracion_empresas
TS-01612,administracion_empresas
TS-01613,administracion_empresas
TS-01614,administracion_empresas
TS-01615,administracion_empresas
TS-01616,administracion_empresas
TS-01617,administracion_empresas
TS-01618,administracion_empresas
TS-01619,administracion_empresas
TS-01620,administracion_empresas
TS-01621,administracion_empresas
TS-01622,administracion_empresas
TS-01623,administracion_empresas
TS-01624,administracion_empresas
TS-01625,administracion_empresas
TS-01626,administracion_empresas
TS-01627,administracion_empresas
TS-01628,administracion_empresas
TS-01629,administracion_empresas
TS-01630,administracion_empresas
TS-01631,administracion_empresas
TS-01632,administracion_empresas
TS-01633,administracion_empresas
TS-01634,administracion_empresas
TS-01635,administracion_empresas
TS-01636,administracion_empresas
TS-01637,administracion_empresas
TS-01638,administracion_empresas
TS-01639,administracion_empresas
TS-01640,administracion_empresas
TS-01641,administracion_empresas
TS-01642,administracion_empresas
TS-01643,administracion_empresas
TS-01644,administracion_empresas
TS-01645,administracion_empresas
TS-01646,administracion_empresas
TS-01647,administracion_empresas
TS-01648,administracion_empresas
TS-01649,administracion_empresas
TS-01650,administracion_empresas
TS-01651,administracion_empresas
TS-01652,administracion_empresas
TS-01653,administracion_empresas
TS-01654,administracion_empresas
TS-01655,administracion_empresas
TS-01656,administracion_empresas
TS-01657,administracion_empresas
TS-01658,administracion_empresas
TS-01659,administracion_empresas
TS-01660,administracion_empresas
TS-01661,administracion_empresas
TS-01662,administracion_empresas
TS-01663,administracion_empresas
TS-01664,administracion_empresas
TS-01665,administracion_empresas
TS-01666,administracion_empresas
TS-01667,administracion_empresas
TS-01668,administracion_empresas
TS-01669,administracion_empresas
TS-01670,administracion_empresas
TS-01671,administracion_empresas
TS-01672,administracion_empresas
TS-01673,administracion_empresas
TS-01674,administracion_empresas
TS-01675,administracion_empresas
TS-01676,administracion_empresas
TS-01677,administracion_empresas
TS-01678,administracion_empresas
TS-01679,administracion_empresas
TS-01680,administracion_empresas
TS-01681,administracion_empresas
TS-01682,administracion_empresas
TS-01683,administracion_empresas
TS-01684,administracion_empresas
TS-01685,administracion_empresas
TS-01686,administracion_empresas
TS-01687,administracion_empresas
TS-01688,administracion_empresas
TS-01689,administracion_empresas
TS-01690,administracion_empresas
TS-01691,administracion_empresas
TS-01692,administracion_empresas
TS-01693,administracion_empresas
TS-01694,administracion_empresas
TS-01695,administracion_empresas
TS-01696,administracion_empresas
TS-01697,administracion_empresas
TS-01698,administracion_empresas
TS-01699,administracion_empresas
TS-01700,administracion_empresas
TS-01701,administracion_empresas
TS-01702,administracion_empresas
TS-01703,administracion_empresas
TS-01704,administracion_empresas
TS-01705,administracion_empresas
TS-01706,administracion_empresas
TS-01707,administracion_empresas
TS-01708,administracion_empresas
TS-01709,administracion_empresas
TS-01710,administracion_empresas
TS-01711,administracion_empresas
TS-01712,administracion_empresas
TS-01713,administracion_empresas
TS-01714,administracion_empresas
TS-01715,administracion_empresas
TS-01716,administracion_empresas
TS-01717,administracion_empresas
TS-01718,administracion_empresas
TS-01719,administracion_empresas
TS-01720,administracion_empresas
TS-01721,administracion_empresas
TS-01722,administracion_empresas
TS-01723,administracion_empresas
TS-01724,administracion_empresas
TS-01725,administracion_empresas
TS-01726,administracion_empresas
TS-01727,administracion_empresas
TS-01728,administracion_empresas
TS-01729,administracion_empresas
TS-01730,administracion_empresas
TS-01731,administracion_empresas
TS-01732,administracion_empresas
TS-01733,administracion_empresas
TS-01734,administracion_empresas
TS-01735,administracion_empresas
TS-01736,administracion_empresas
TS-01737,administracion_empresas
TS-01738,administracion_empresas
TS-01739,administracion_empresas
TS-01740,administracion_empresas
TS-01741,administracion_empresas
TS-01742,administracion_empresas
TS-01743,administracion_empresas
TS-01744,administracion_empresas
TS-01745,administracion_empresas
TS-01746,administracion_empresas
TS-01747,administracion_empresas
TS-01748,administracion_empresas
TS-01749,administracion_empresas
TS-01750,administracion_empresas
TS-01751,administracion_empresas
TS-01752,administracion_empresas
TS-01753,administracion_empresas
TS-01754,administracion_empresas
TS-01755,administracion_empresas
TS-01756,administracion_empresas
TS-01757,administracion_empresas
TS-01758,administracion_empresas
TS-01759,administracion_empresas
TS-01760,administracion_empresas
TS-01761,administracion_empresas
TS-01762,administracion_empresas
TS-01763,administracion_empresas
TS-01764,administracion_empresas
TS-01765,administracion_empresas
TS-01766,administracion_empresas
TS-01767,administracion_empresas
TS-01768,administracion_empresas
TS-01769,administracion_empresas
TS-01770,administracion_empresas
TS-01771,administracion_empresas
TS-01772,administracion_empresas
TS-01773,administracion_empresas
TS-01774,administracion_empresas
TS-01775,administracion_empresas
TS-01776,administracion_empresas
TS-01777,administracion_empresas
TS-01778,administracion_empresas
TS-01779,administracion_empresas
TS-01780,administracion_empresas
TS-01781,administracion_empresas
TS-01782,administracion_empresas
TS-01783,administracion_empresas
TS-01784,administracion_empresas
TS-01785,administracion_empresas
TS-01786,administracion_empresas
TS-01787,administracion_empresas
TS-01788,administracion_empresas
TS-01789,administracion_empresas
TS-01790,administracion_empresas
TS-01791,administracion_empresas
TS-01792,administracion_empresas
TS-01793,administracion_empresas
TS-01794,administracion_empresas
TS-01795,administracion_empresas
TS-01796,administracion_empresas
TS-01797,administracion_empresas
TS-01798,administracion_empresas
TS-01799,administracion_empresas
TS-01800,administracion_empresas
TS-01801,administracion_empresas
TS-01802,administracion_empresas
TS-01803,administracion_empresas
TS-01804,administracion_empresas
TS-01805,administracion_empresas
TS-01806,administracion_empresas
TS-01807,administracion_empresas
TS-01808,administracion_empresas
TS-01809,administracion_empresas
TS-01810,administracion_empresas
TS-01811,administracion_empresas
TS-01812,administracion_empresas
TS-01813,administracion_empresas
TS-01814,administracion_empresas
TS-01815,administracion_empresas
TS-01816,administracion_empresas
TS-01817,administracion_empresas
TS-01818,administracion_empresas
TS-01819,administracion_empresas
TS-01820,administracion_empresas
TS-01821,administracion_empresas
TS-01822,administracion_empresas
TS-01823,administracion_empresas
TS-01824,administracion_empresas
TS-01825,administracion_empresas
TS-01826,administracion_empresas
TS-01827,administracion_empresas
TS-01828,administracion_empresas
TS-01829,administracion_empresas
TS-01830,administracion_empresas
TS-01831,administracion_empresas
TS-01832,administracion_empresas
TS-01833,administracion_empresas
TS-01834,administracion_empresas
TS-01835,administracion_empresas
TS-01836,administracion_empresas
TS-01837,administracion_empresas
TS-01838,administracion_empresas
TS-01839,administracion_empresas
TS-01840,administracion_empresas
TS-01841,administracion_empresas
TS-01842,administracion_empresas
TS-01843,administracion_empresas
TS-01844,administracion_empresas
TS-01845,administracion_empresas
TS-01846,administracion_empresas
TS-01847,administracion_empresas
TS-01848,administracion_empresas
TS-01849,administracion_empresas
TS-01850,administracion_empresas
TS-01851,administracion_empresas
TS-01852,administracion_empresas
TS-01853,administracion_empresas
TS-01854,administracion_empresas
TS-01855,administracion_empresas
TS-01856,administracion_empresas
TS-01857,administracion_empresas
TS-01858,administracion_empresas
TS-01859,administracion_empresas
TS-01860,administracion_empresas
TS-01861,administracion_empresas
TS-01862,administracion_empresas
TS-01863,administracion_empresas
TS-01864,administracion_empresas
TS-01865,administracion_empresas
TS-01866,administracion_empresas
TS-01867,administracion_empresas
TS-01868,administracion_empresas
TS-01869,administracion_empresas
TS-01870,administracion_empresas
TS-01871,administracion_empresas
TS-01872,administracion_empresas
TS-01873,administracion_empresas
TS-01874,administracion_empresas
TS-01875,administracion_empresas
TS-01876,administracion_empresas
TS-01877,administracion_empresas
TS-01878,administracion_empresas
TS-01879,administracion_empresas
TS-01880,administracion_empresas
TS-01881,administracion_empresas
TS-01882,administracion_empresas
TS-01883,administracion_empresas
TS-01884,administracion_empresas
TS-01885,administracion_empresas
TS-01886,administracion_empresas
TS-01887,administracion_empresas
TS-01888,administracion_empresas
TS-01889,administracion_empresas
TS-01890,administracion_empresas
TS-01891,administracion_empresas
TS-01892,administracion_empresas
TS-01893,administracion_empresas
TS-01894,administracion_empresas
TS-01895,administracion_empresas
TS-01896,administracion_empresas
TS-01897,administracion_empresas
TS-01898,administracion_empresas
TS-01899,administracion_empresas
TS-01900,administracion_empresas
TS-01901,administracion_empresas
TS-01902,administracion_empresas
TS-01903,administracion_empresas
TS-01904,administracion_empresas
TS-01905,administracion_empresas
TS-01906,administracion_empresas
TS-01907,administracion_empresas
TS-01908,administracion_empresas
TS-01909,administracion_empresas
TS-01910,administracion_empresas
TS-01911,administracion_empresas
TS-01912,administracion_empresas
TS-01913,administracion_empresas
TS-01914,administracion_empresas
TS-01915,administracion_empresas
TS-01916,administracion_empresas
TS-01917,administracion_empresas
TS-01918,administracion_empresas
TS-01919,administracion_empresas
TS-01920,administracion_empresas
TS-01921,administracion_empresas
TS-01922,administracion_empresas
TS-01923,administracion_empresas
TS-01924,administracion_empresas
TS-01925,administracion_empresas
TS-01926,administracion_empresas
TS-01927,administracion_empresas
TS-01928,administracion_empresas
TS-01929,administracion_empresas
TS-01930,administracion_empresas
TS-01931,administracion_empresas
TS-01932,administracion_empresas
TS-01933,administracion_empresas
TS-01934,administracion_empresas
TS-01935,administracion_empresas
TS-01936,administracion_empresas
TS-01937,administracion_empresas
TS-01938,administracion_empresas
TS-01939,administracion_empresas
TS-01940,administracion_empresas
TS-01941,administracion_empresas
TS-01942,administracion_empresas
TS-01943,administracion_empresas
TS-01944,administracion_empresas
TS-01945,administracion_empresas
TS-01946,administracion_empresas
TS-01947,administracion_empresas
TS-01948,administracion_empresas
TS-01949,administracion_empresas
TS-01950,administracion_empresas
TS-01951,administracion_empresas
TS-01952,administracion_empresas
TS-01953,administracion_empresas
TS-01954,administracion_empresas
TS-01955,administracion_empresas
TS-01956,administracion_empresas
TS-01957,administracion_empresas
TS-01958,administracion_empresas
TS-01959,administracion_empresas
TS-01960,administracion_empresas
TS-01961,administracion_empresas
TS-01962,administracion_empresas
TS-01963,administracion_empresas
TS-01964,administracion_empresas
TS-01965,administracion_empresas
TS-01966,administracion_empresas
TS-01967,administracion_empresas
TS-01968,administracion_empresas
TS-01969,administracion_empresas
TS-01970,administracion_empresas
TS-01971,administracion_empresas
TS-01972,administracion_empresas
TS-01973,administracion_empresas
TS-01974,administracion_empresas
TS-01975,administracion_empresas
TS-01976,administracion_empresas
TS-01977,administracion_empresas
TS-01978,administracion_empresas
TS-01979,administracion_empresas
TS-01980,administracion_empresas
TS-01981,administracion_empresas
TS-01982,administracion_empresas
TS-01983,administracion_empresas
TS-01984,administracion_empresas
TS-01985,administracion_empresas
TS-01986,administracion_empresas
TS-01987,administracion_empresas
TS-01988,administracion_empresas
TS-01989,administracion_empresas
TS-01990,administracion_empresas
TS-01991,administracion_empresas
TS-01992,administracion_empresas
TS-01993,administracion_empresas
TS-01994,administracion_empresas
TS-01995,administracion_empresas
TS-01996,administracion_empresas
TS-01997,administracion_empresas
TS-01998,administracion_empresas
TS-01999,administracion_empresas
TS-02000,administracion_empresas
TS-02001,administracion_empresas
TS-02002,administracion_empresas
TS-02003,administracion_empresas
TS-02004,administracion_empresas
TS-02005,administracion_empresas
TS-02006,administracion_empresas
TS-02007,administracion_empresas
TS-02008,administracion_empresas
TS-02009,administracion_empresas
TS-02010,administracion_empresas
TS-02011,administracion_empresas
TS-02012,administracion_empresas
TS-02013,administracion_empresas
TS-02014,administracion_empresas
TS-02015,administracion_empresas
TS-02016,administracion_empresas
TS-02017,administracion_empresas
TS-02018,administracion_empresas
TS-02019,administracion_empresas
TS-02020,administracion_empresas
TS-02021,administracion_empresas
TS-02022,administracion_empresas
TS-02023,administracion_empresas
TS-02024,administracion_empresas
TS-02025,administracion_empresas
TS-02026,administracion_empresas
TS-02027,administracion_empresas
TS-02028,administracion_empresas
TS-02029,administracion_empresas
TS-02030,administracion_empresas
TS-02031,administracion_empresas
TS-02032,administracion_empresas
TS-02033,administracion_empresas
TS-02034,administracion_empresas
TS-02035,administracion_empresas
TS-02036,administracion_empresas
TS-02037,administracion_empresas
TS-02038,administracion_empresas
TS-02039,administracion_empresas
TS-02040,administracion_empresas
TS-02041,administracion_empresas
TS-02042,administracion_empresas
TS-02043,administracion_empresas
TS-02044,administracion_empresas
TS-02045,administracion_empresas
TS-02046,administracion_empresas
TS-02047,administracion_empresas
TS-02048,administracion_empresas
TS-02049,administracion_empresas
TS-02050,administracion_empresas
TS-02051,administracion_empresas
TS-02052,administracion_empresas
TS-02053,administracion_empresas
TS-02054,administracion_empresas
TS-02055,administracion_empresas
TS-02056,administracion_empresas
TS-02057,administracion_empresas
TS-02058,administracion_empresas
TS-02059,administracion_empresas
TS-02060,administracion_empresas
TS-02061,administracion_empresas
TS-02062,administracion_empresas
TS-02063,administracion_empresas
TS-02064,administracion_empresas
TS-02065,administracion_empresas
TS-02066,administracion_empresas
TS-02067,administracion_empresas
TS-02068,administracion_empresas
TS-02069,administracion_empresas
TS-02070,administracion_empresas
TS-02071,administracion_empresas
TS-02072,administracion_empresas
TS-02073,administracion_empresas
TS-02074,administracion_empresas
TS-02075,administracion_empresas
TS-02076,administracion_empresas
TS-02077,administracion_empresas
TS-02078,administracion_empresas
TS-02079,administracion_empresas
TS-02080,administracion_empresas
TS-02081,administracion_empresas
TS-02082,administracion_empresas
TS-02083,administracion_empresas
TS-02084,administracion_empresas
TS-02085,administracion_empresas
TS-02086,administracion_empresas
TS-02087,administracion_empresas
TS-02088,administracion_empresas
TS-02089,administracion_empresas
TS-02090,administracion_empresas
TS-02091,administracion_empresas
TS-02092,administracion_empresas
TS-02093,administracion_empresas
TS-02094,administracion_empresas
TS-02095,administracion_empresas
TS-02096,administracion_empresas
TS-02097,administracion_empresas
TS-02098,administracion_empresas
TS-02099,administracion_empresas
TS-02100,administracion_empresas
TS-02101,administracion_empresas
TS-02102,administracion_empresas
TS-02103,administracion_empresas
TS-02104,administracion_empresas
TS-02105,administracion_empresas
TS-02106,administracion_empresas
TS-02107,administracion_empresas
TS-02108,administracion_empresas
TS-02109,administracion_empresas
TS-02110,administracion_empresas
TS-02111,administracion_empresas
TS-02112,administracion_empresas
TS-02113,administracion_empresas
TS-02114,administracion_empresas
TS-02115,administracion_empresas
TS-02116,administracion_empresas
TS-02117,administracion_empresas
TS-02118,administracion_empresas
TS-02119,administracion_empresas
TS-02120,administracion_empresas
TS-02121,administracion_empresas
TS-02122,administracion_empresas
TS-02123,administracion_empresas
TS-02124,administracion_empresas
TS-02125,administracion_empresas
TS-02126,administracion_empresas
TS-02127,administracion_empresas
TS-02128,administracion_empresas
TS-02129,administracion_empresas
TS-02130,administracion_empresas
TS-02131,administracion_empresas
TS-02132,administracion_empresas
TS-02133,administracion_empresas
TS-02134,administracion_empresas
TS-02135,administracion_empresas
TS-02136,administracion_empresas
TS-02137,administracion_empresas
TS-02138,administracion_empresas
TS-02139,administracion_empresas
TS-02140,administracion_empresas
TS-02141,administracion_empresas
TS-02142,administracion_empresas
TS-02143,administracion_empresas
TS-02144,administracion_empresas
TS-02145,administracion_empresas
TS-02146,administracion_empresas
TS-02147,administracion_empresas
TS-02148,administracion_empresas
TS-02149,administracion_empresas
TS-02150,administracion_empresas
TS-02151,administracion_empresas
TS-02152,administracion_empresas
TS-02153,administracion_empresas
TS-02154,administracion_empresas
TS-02155,administracion_empresas
TS-02156,administracion_empresas
TS-02157,administracion_empresas
TS-02158,administracion_empresas
TS-02159,administracion_empresas
TS-02160,administracion_empresas
TS-02161,administracion_empresas
TS-02162,administracion_empresas
TS-02163,administracion_empresas
TS-02164,administracion_empresas
TS-02165,administracion_empresas
TS-02166,administracion_empresas
TS-02167,administracion_empresas
TS-02168,administracion_empresas
TS-02169,administracion_empresas
TS-02170,administracion_empresas
TS-02171,administracion_empresas
TS-02172,administracion_empresas
TS-02173,administracion_empresas
TS-02174,administracion_empresas
TS-02175,administracion_empresas
TS-02176,administracion_empresas
TS-02177,administracion_empresas
TS-02178,administracion_empresas
TS-02179,administracion_empresas
TS-02180,administracion_empresas
TS-02181,administracion_empresas
TS-02182,administracion_empresas
TS-02183,administracion_empresas
TS-02184,administracion_empresas
TS-02185,administracion_empresas
TS-02186,administracion_empresas
TS-02187,administracion_empresas
TS-02188,administracion_empresas
TS-02189,administracion_empresas
TS-02190,administracion_empresas
TS-02191,administracion_empresas
TS-02192,administracion_empresas
TS-02193,administracion_empresas
TS-02194,administracion_empresas
TS-02195,administracion_empresas
TS-02196,administracion_empresas
TS-02197,administracion_empresas
TS-02198,administracion_empresas
TS-02199,administracion_empresas
TS-02200,administracion_empresas
TS-02201,administracion_empresas
TS-02202,administracion_empresas
TS-02203,administracion_empresas
TS-02204,administracion_empresas
TS-02205,administracion_empresas
TS-02206,administracion_empresas
TS-02207,administracion_empresas
TS-02208,administracion_empresas
TS-02209,administracion_empresas
TS-02210,administracion_empresas
TS-02211,administracion_empresas
TS-02212,administracion_empresas
TS-02213,administracion_empresas
TS-02214,administracion_empresas
TS-02215,administracion_empresas
TS-02216,administracion_empresas
TS-02217,administracion_empresas
TS-02218,administracion_empresas
TS-02219,administracion_empresas
TS-02220,administracion_empresas
TS-02221,administracion_empresas
TS-02222,administracion_empresas
TS-02223,administracion_empresas
TS-02224,administracion_empresas
TS-02225,administracion_empresas
TS-02226,administracion_empresas
TS-02227,administracion_empresas
TS-02228,administracion_empresas
TS-02229,administracion_empresas
TS-02230,administracion_empresas
TS-02231,administracion_empresas
TS-02232,administracion_empresas
TS-02233,administracion_empresas
TS-02234,administracion_empresas
TS-02235,administracion_empresas
TS-02236,administracion_empresas
TS-02237,administracion_empresas
TS-02238,administracion_empresas
TS-02239,administracion_empresas
TS-02240,administracion_empresas
TS-02241,administracion_empresas
TS-02242,administracion_empresas
TS-02243,administracion_empresas
TS-02244,administracion_empresas
TS-02245,administracion_empresas
TS-02246,administracion_empresas
TS-02247,administracion_empresas
TS-02248,administracion_empresas
TS-02249,administracion_empresas
TS-02250,administracion_empresas
TS-02251,administracion_empresas
TS-02252,administracion_empresas
TS-02253,administracion_empresas
TS-02254,administracion_empresas
TS-02255,administracion_empresas
TS-02256,administracion_empresas
TS-02257,administracion_empresas
TS-02258,administracion_empresas
TS-02259,administracion_empresas
TS-02260,administracion_empresas
TS-02261,administracion_empresas
TS-02262,administracion_empresas
TS-02263,administracion_empresas
TS-02264,administracion_empresas
TS-02265,administracion_empresas
TS-02266,administracion_empresas
TS-02267,administracion_empresas
TS-02268,administracion_empresas
TS-02269,administracion_empresas
TS-02270,administracion_empresas
TS-02271,administracion_empresas
TS-02272,administracion_empresas
TS-02273,administracion_empresas
TS-02274,administracion_empresas
TS-02275,administracion_empresas
TS-02276,administracion_empresas
TS-02277,administracion_empresas
TS-02278,administracion_empresas
TS-02279,administracion_empresas
TS-02280,administracion_empresas
TS-02281,administracion_empresas
TS-02282,administracion_empresas
TS-02283,administracion_empresas
TS-02284,administracion_empresas
TS-02285,administracion_empresas
TS-02286,administracion_empresas
TS-02287,administracion_empresas
TS-02288,administracion_empresas
TS-02289,administracion_empresas
TS-02290,administracion_empresas
TS-02291,administracion_empresas
TS-02292,administracion_empresas
TS-02293,administracion_empresas
TS-02294,administracion_empresas
TS-02295,administracion_empresas
TS-02296,administracion_empresas
TS-02297,administracion_empresas
TS-02298,administracion_empresas
TS-02299,administracion_empresas
TS-02300,administracion_empresas
TS-02301,administracion_empresas
TS-02302,administracion_empresas
TS-02303,administracion_empresas
TS-02304,administracion_empresas
TS-02305,administracion_empresas
TS-02306,administracion_empresas
TS-02307,administracion_empresas
TS-02308,administracion_empresas
TS-02309,administracion_empresas
TS-02310,administracion_empresas
TS-02311,administracion_empresas
TS-02312,administracion_empresas
TS-02313,administracion_empresas
TS-02314,administracion_empresas
TS-02315,administracion_empresas
TS-02316,administracion_empresas
TS-02317,administracion_empresas
TS-02318,administracion_empresas
TS-02319,administracion_empresas
TS-02320,administracion_empresas
TS-02321,administracion_empresas
TS-02322,administracion_empresas
TS-02323,administracion_empresas
TS-02324,administracion_empresas
TS-02325,administracion_empresas
TS-02326,administracion_empresas
TS-02327,administracion_empresas
TS-02328,administracion_empresas
TS-02329,administracion_empresas
TS-02330,administracion_empresas
TS-02331,administracion_empresas
TS-02332,administracion_empresas
TS-02333,administracion_empresas
TS-02334,administracion_empresas
TS-02335,administracion_empresas
TS-02336,administracion_empresas
TS-02337,administracion_empresas
TS-02338,administracion_empresas
TS-02339,administracion_empresas
TS-02340,administracion_empresas
TS-02341,administracion_empresas
TS-02342,administracion_empresas
TS-02343,administracion_empresas
TS-02344,administracion_empresas
TS-02345,administracion_empresas
TS-02346,administracion_empresas
TS-02347,administracion_empresas
TS-02348,administracion_empresas
TS-02349,administracion_empresas
TS-02350,administracion_empresas
TS-02351,administracion_empresas
TS-02352,administracion_empresas
TS-02353,administracion_empresas
TS-02354,administracion_empresas
TS-02355,administracion_empresas
TS-02356,administracion_empresas
TS-02357,administracion_empresas
TS-02358,administracion_empresas
TS-02359,administracion_empresas
TS-02360,administracion_empresas
TS-02361,administracion_empresas
TS-02362,administracion_empresas
TS-02363,administracion_empresas
TS-02364,administracion_empresas
TS-02365,administracion_empresas
TS-02366,administracion_empresas
TS-02367,administracion_empresas
TS-02368,administracion_empresas
TS-02369,administracion_empresas
TS-02370,administracion_empresas
TS-02371,administracion_empresas
TS-02372,administracion_empresas
TS-02373,administracion_empresas
TS-02374,administracion_empresas
TS-02375,administracion_empresas
TS-02376,administracion_empresas
TS-02377,administracion_empresas
TS-02378,administracion_empresas
TS-02379,administracion_empresas
TS-02380,administracion_empresas
TS-02381,administracion_empresas
TS-02382,administracion_empresas
TS-02383,administracion_empresas
TS-02384,administracion_empresas
TS-02385,administracion_empresas
TS-02386,administracion_empresas
TS-02387,administracion_empresas
TS-02388,administracion_empresas
TS-02389,administracion_empresas
TS-02390,administracion_empresas
TS-02391,administracion_empresas
TS-02392,administracion_empresas
TS-02393,administracion_empresas
TS-02394,administracion_empresas
TS-02395,administracion_empresas
TS-02396,administracion_empresas
TS-02397,administracion_empresas
TS-02398,administracion_empresas
TS-02399,administracion_empresas
TS-02400,administracion_empresas
TS-02401,administracion_empresas
TS-02402,administracion_empresas
TS-02403,administracion_empresas
TS-02404,administracion_empresas
TS-02405,administracion_empresas
TS-02406,administracion_empresas
TS-02407,administracion_empresas
TS-02408,administracion_empresas
TS-02409,administracion_empresas
TS-02410,administracion_empresas
TS-02411,administracion_empresas
TS-02412,administracion_empresas
TS-02413,administracion_empresas
TS-02414,administracion_empresas
TS-02415,administracion_empresas
TS-02416,administracion_empresas
TS-02417,administracion_empresas
TS-02418,administracion_empresas
TS-02419,administracion_empresas
TS-02420,administracion_empresas
TS-02421,administracion_empresas
TS-02422,administracion_empresas
TS-02423,administracion_empresas
TS-02424,administracion_empresas
TS-02425,administracion_empresas
TS-02426,administracion_empresas
TS-02427,administracion_empresas
TS-02428,administracion_empresas
TS-02429,administracion_empresas
TS-02430,administracion_empresas
TS-02431,administracion_empresas
TS-02432,administracion_empresas
TS-02433,administracion_empresas
TS-02434,administracion_empresas
TS-02435,administracion_empresas
TS-02436,administracion_empresas
TS-02437,administracion_empresas
TS-02438,administracion_empresas
TS-02439,administracion_empresas
TS-02440,administracion_empresas
TS-02441,administracion_empresas
TS-02442,administracion_empresas
TS-02443,administracion_empresas
TS-02444,administracion_empresas
TS-02445,administracion_empresas
TS-02446,administracion_empresas
TS-02447,administracion_empresas
TS-02448,administracion_empresas
TS-02449,administracion_empresas
TS-02450,administracion_empresas
TS-02451,administracion_empresas
TS-02452,administracion_empresas
TS-02453,administracion_empresas
TS-02454,administracion_empresas
TS-02455,administracion_empresas
TS-02456,administracion_empresas
TS-02457,administracion_empresas
TS-02458,administracion_empresas
TS-02459,administracion_empresas
TS-02460,administracion_empresas
TS-02461,administracion_empresas
TS-02462,administracion_empresas
TS-02463,administracion_empresas
TS-02464,administracion_empresas
TS-02465,administracion_empresas
TS-02466,administracion_empresas
TS-02467,administracion_empresas
TS-02468,administracion_empresas
TS-02469,administracion_empresas
TS-02470,administracion_empresas
TS-02471,administracion_empresas
TS-02472,administracion_empresas
TS-02473,administracion_empresas
TS-02474,administracion_empresas
TS-02475,administracion_empresas
TS-02476,administracion_empresas
TS-02477,administracion_empresas
TS-02478,administracion_empresas
TS-02479,administracion_empresas
TS-02480,administracion_empresas
TS-02481,administracion_empresas
TS-02482,administracion_empresas
TS-02483,administracion_empresas
TS-02484,administracion_empresas
TS-02485,administracion_empresas
TS-02486,administracion_empresas
TS-02487,administracion_empresas
TS-02488,administracion_empresas
TS-02489,administracion_empresas
TS-02490,administracion_empresas
TS-02491,administracion_empresas
TS-02492,administracion_empresas
TS-02493,administracion_empresas
TS-02494,administracion_empresas
TS-02495,administracion_empresas
TS-02496,administracion_empresas
TS-02497,administracion_empresas
TS-02498,administracion_empresas
TS-02499,administracion_empresas
TS-02500,administracion_empresas
TS-02501,administracion_empresas
TS-02502,administracion_empresas
TS-02503,administracion_empresas
TS-02504,administracion_empresas
TS-02505,administracion_empresas
TS-02506,administracion_empresas
TS-02507,administracion_empresas
TS-02508,administracion_empresas
TS-02509,administracion_empresas
TS-02510,administracion_empresas
TS-02511,administracion_empresas
TS-02512,administracion_empresas
TS-02513,administracion_empresas
TS-02514,administracion_empresas
TS-02515,administracion_empresas
TS-02516,administracion_empresas
TS-02517,administracion_empresas
TS-02518,administracion_empresas
TS-02519,administracion_empresas
TS-02520,administracion_empresas
TS-02521,administracion_empresas
TS-02522,administracion_empresas
TS-02523,administracion_empresas
TS-02524,administracion_empresas
TS-02525,administracion_empresas
TS-02526,administracion_empresas
TS-02527,administracion_empresas
TS-02528,administracion_empresas
TS-02529,administracion_empresas
TS-02530,administracion_empresas
TS-02531,administracion_empresas
TS-02532,administracion_empresas
TS-02533,administracion_empresas
TS-02534,administracion_empresas
TS-02535,administracion_empresas
TS-02536,administracion_empresas
TS-02537,administracion_empresas
TS-02538,administracion_empresas
TS-02539,administracion_empresas
TS-02540,administracion_empresas
TS-02541,administracion_empresas
TS-02542,administracion_empresas
TS-02543,administracion_empresas
TS-02544,administracion_empresas
TS-02545,administracion_empresas
TS-02546,administracion_empresas
TS-02547,administracion_empresas
TS-02548,administracion_empresas
TS-02549,administracion_empresas
TS-02550,administracion_empresas
TS-02551,administracion_empresas
TS-02552,administracion_empresas
TS-02553,administracion_empresas
TS-02554,administracion_empresas
TS-02555,administracion_empresas
TS-02556,administracion_empresas
TS-02557,administracion_empresas
TS-02558,administracion_empresas
TS-02559,administracion_empresas
TS-02560,administracion_empresas
TS-02561,administracion_empresas
TS-02562,administracion_empresas
TS-02563,administracion_empresas
TS-02564,administracion_empresas
TS-02565,administracion_empresas
TS-02566,administracion_empresas
TS-02567,administracion_empresas
TS-02568,administracion_empresas
TS-02569,administracion_empresas
TS-02570,administracion_empresas
TS-02571,administracion_empresas
TS-02572,administracion_empresas
TS-02573,administracion_empresas
TS-02574,administracion_empresas
TS-02575,administracion_empresas
TS-02576,administracion_empresas
TS-02577,administracion_empresas
TS-02578,administracion_empresas
TS-02579,administracion_empresas
TS-02580,administracion_empresas
TS-02581,administracion_empresas
TS-02582,administracion_empresas
TS-02583,administracion_empresas
TS-02584,administracion_empresas
TS-02585,administracion_empresas
TS-02586,administracion_empresas
TS-02587,administracion_empresas
TS-02588,administracion_empresas
TS-02589,administracion_empresas
TS-02590,administracion_empresas
TS-02591,administracion_empresas
TS-02592,administracion_empresas
TS-02593,administracion_empresas
TS-02594,administracion_empresas
TS-02595,administracion_empresas
TS-02596,administracion_empresas
TS-02597,administracion_empresas
TS-02598,administracion_empresas
TS-02599,administracion_empresas
TS-02600,administracion_empresas
TS-02601,administracion_empresas
TS-02602,administracion_empresas
TS-02603,administracion_empresas
TS-02604,administracion_empresas
TS-02605,administracion_empresas
TS-02606,administracion_empresas
TS-02607,administracion_empresas
TS-02608,administracion_empresas
TS-02609,administracion_empresas
TS-02610,administracion_empresas
TS-02611,administracion_empresas
TS-02612,administracion_empresas
TS-02613,administracion_empresas
TS-02614,administracion_empresas
TS-02615,administracion_empresas
TS-02616,administracion_empresas
TS-02617,administracion_empresas
TS-02618,administracion_empresas
TS-02619,administracion_empresas
TS-02620,administracion_empresas
TS-02621,administracion_empresas
TS-02622,administracion_empresas
TS-02623,administracion_empresas
TS-02624,administracion_empresas
TS-02625,administracion_empresas
TS-02626,administracion_empresas
TS-02627,administracion_empresas
TS-02628,administracion_empresas
TS-02629,administracion_empresas
TS-02630,administracion_empresas
TS-02631,administracion_empresas
TS-02632,administracion_empresas
TS-02633,administracion_empresas
TS-02634,administracion_empresas
TS-02635,administracion_empresas
TS-02636,administracion_empresas
TS-02637,administracion_empresas
TS-02638,administracion_empresas
TS-02639,administracion_empresas
TS-02640,administracion_empresas
TS-02641,administracion_empresas
TS-02642,administracion_empresas
TS-02643,administracion_empresas
TS-02644,administracion_empresas
TS-02645,administracion_empresas
TS-02646,administracion_empresas
TS-02647,administracion_empresas
TS-02648,administracion_empresas
TS-02649,administracion_empresas
TS-02650,administracion_empresas
TS-02651,administracion_empresas
TS-02652,administracion_empresas
TS-02653,administracion_empresas
TS-02654,administracion_empresas
TS-02655,administracion_empresas
TS-02656,administracion_empresas
TS-02657,administracion_empresas
TS-02658,administracion_empresas
TS-02659,administracion_empresas
TS-02660,administracion_empresas
TS-02661,administracion_empresas
TS-02662,administracion_empresas
TS-02663,administracion_empresas
TS-02664,administracion_empresas
TS-02665,administracion_empresas
TS-02666,administracion_empresas
TS-02667,administracion_empresas
TS-02668,administracion_empresas
TS-02669,administracion_empresas
TS-02670,administracion_empresas
TS-02671,administracion_empresas
TS-02672,administracion_empresas
TS-02673,administracion_empresas
TS-02674,administracion_empresas
TS-02675,administracion_empresas
TS-02676,administracion_empresas
TS-02677,administracion_empresas
TS-02678,administracion_empresas
TS-02679,administracion_empresas
TS-02680,administracion_empresas
TS-02681,administracion_empresas
TS-02682,administracion_empresas
TS-02683,administracion_empresas
TS-02684,administracion_empresas
TS-02685,administracion_empresas
TS-02686,administracion_empresas
TS-02687,administracion_empresas
TS-02688,administracion_empresas
TS-02689,administracion_empresas
TS-02690,administracion_empresas
TS-02691,administracion_empresas
TS-02692,administracion_empresas
TS-02693,administracion_empresas
TS-02694,administracion_empresas
TS-02695,administracion_empresas
TS-02696,administracion_empresas
TS-02697,administracion_empresas
TS-02698,administracion_empresas
TS-02699,administracion_empresas
TS-02700,administracion_empresas
TS-02701,administracion_empresas
TS-02702,administracion_empresas
TS-02703,administracion_empresas
TS-02704,administracion_empresas
TS-02705,administracion_empresas
TS-02706,administracion_empresas
TS-02707,administracion_empresas
TS-02708,administracion_empresas
TS-02709,administracion_empresas
TS-02710,administracion_empresas
TS-02711,administracion_empresas
TS-02712,administracion_empresas
TS-02713,administracion_empresas
TS-02714,administracion_empresas
TS-02715,administracion_empresas
TS-02716,administracion_empresas
TS-02717,administracion_empresas
TS-02718,administracion_empresas
TS-02719,administracion_empresas
TS-02720,administracion_empresas
TS-02721,administracion_empresas
TS-02722,administracion_empresas
TS-02723,administracion_empresas
TS-02724,administracion_empresas
TS-02725,administracion_empresas
TS-02726,administracion_empresas
TS-02727,administracion_empresas
TS-02728,administracion_empresas
TS-02729,administracion_empresas
TS-02730,administracion_empresas
TS-02731,administracion_empresas
TS-02732,administracion_empresas
TS-02733,administracion_empresas
TS-02734,administracion_empresas
TS-02735,administracion_empresas
TS-02736,administracion_empresas
TS-02737,administracion_empresas
TS-02738,administracion_empresas
TS-02739,administracion_empresas
TS-02740,administracion_empresas
TS-02741,administracion_empresas
TS-02742,administracion_empresas
TS-02743,administracion_empresas
TS-02744,administracion_empresas
TS-02745,administracion_empresas
TS-02746,administracion_empresas
TS-02747,administracion_empresas
TS-02748,administracion_empresas
TS-02749,administracion_empresas
TS-02750,administracion_empresas
TS-02751,administracion_empresas
TS-02752,administracion_empresas
TS-02753,administracion_empresas
TS-02754,administracion_empresas
TS-02755,administracion_empresas
TS-02756,administracion_empresas
TS-02757,administracion_empresas
TS-02758,administracion_empresas
TS-02759,administracion_empresas
TS-02760,administracion_empresas
TS-02761,administracion_empresas
TS-02762,administracion_empresas
TS-02763,administracion_empresas
TS-02764,administracion_empresas
TS-02765,administracion_empresas
TS-02766,administracion_empresas
TS-02767,administracion_empresas
TS-02768,administracion_empresas
TS-02769,administracion_empresas
TS-02770,administracion_empresas
TS-02771,administracion_empresas
TS-02772,administracion_empresas
TS-02773,administracion_empresas
TS-02774,administracion_empresas
TS-02775,administracion_empresas
TS-02776,administracion_empresas
TS-02777,administracion_empresas
TS-02778,administracion_empresas
TS-02779,administracion_empresas
TS-02780,administracion_empresas
TS-02781,administracion_empresas
TS-02782,administracion_empresas
TS-02783,administracion_empresas
TS-02784,administracion_empresas
TS-02785,administracion_empresas
TS-02786,administracion_empresas
TS-02787,administracion_empresas
TS-02788,administracion_empresas
TS-02789,administracion_empresas
TS-02790,administracion_empresas
TS-02791,administracion_empresas
TS-02792,administracion_empresas
TS-02793,administracion_empresas
TS-02794,administracion_empresas
TS-02795,administracion_empresas
TS-02796,administracion_empresas
TS-02797,administracion_empresas
TS-02798,administracion_empresas
TS-02799,administracion_empresas
TS-02800,administracion_empresas
TS-02801,administracion_empresas
TS-02802,administracion_empresas
TS-02803,administracion_empresas
TS-02804,administracion_empresas
TS-02805,administracion_empresas
TS-02806,administracion_empresas
TS-02807,administracion_empresas
TS-02808,administracion_empresas
TS-02809,administracion_empresas
TS-02810,administracion_empresas
TS-02811,administracion_empresas
TS-02812,administracion_empresas
TS-02813,administracion_empresas
TS-02814,administracion_empresas
TS-02815,administracion_empresas
TS-02816,administracion_empresas
TS-02817,administracion_empresas
TS-02818,administracion_empresas
TS-02819,administracion_empresas
TS-02820,administracion_empresas
TS-02821,administracion_empresas
TS-02822,administracion_empresas
TS-02823,administracion_empresas
TS-02824,administracion_empresas
TS-02825,administracion_empresas
TS-02826,administracion_empresas
TS-02827,administracion_empresas
TS-02828,administracion_empresas
TS-02829,administracion_empresas
TS-02830,administracion_empresas
TS-02831,administracion_empresas
TS-02832,administracion_empresas
TS-02833,administracion_empresas
TS-02834,administracion_empresas
TS-02835,administracion_empresas
TS-02836,administracion_empresas
TS-02837,administracion_empresas
TS-02838,administracion_empresas
TS-02839,administracion_empresas
TS-02840,administracion_empresas
TS-02841,administracion_empresas
TS-02842,administracion_empresas
TS-02843,administracion_empresas
TS-02844,administracion_empresas
TS-02845,administracion_empresas
TS-02846,administracion_empresas
TS-02847,administracion_empresas
TS-02848,administracion_empresas
TS-02849,administracion_empresas
TS-02850,administracion_empresas
TS-02851,administracion_empresas
TS-02852,administracion_empresas
TS-02853,administracion_empresas
TS-02854,administracion_empresas
TS-02855,administracion_empresas
TS-02856,administracion_empresas
TS-02857,administracion_empresas
TS-02858,administracion_empresas
TS-02859,administracion_empresas
TS-02860,administracion_empresas
TS-02861,administracion_empresas
TS-02862,administracion_empresas
TS-02863,administracion_empresas
TS-02864,administracion_empresas
TS-02865,administracion_empresas
TS-02866,administracion_empresas
TS-02867,administracion_empresas
TS-02868,administracion_empresas
TS-02869,administracion_empresas
TS-02870,administracion_empresas
TS-02871,administracion_empresas
TS-02872,administracion_empresas
TS-02873,administracion_empresas
TS-02874,administracion_empresas
TS-02875,administracion_empresas
TS-02876,administracion_empresas
TS-02877,administracion_empresas
TS-02878,administracion_empresas
TS-02879,administracion_empresas
TS-02880,administracion_empresas
TS-02881,administracion_empresas
TS-02882,administracion_empresas
TS-02883,administracion_empresas
TS-02884,administracion_empresas
TS-02885,administracion_empresas
TS-02886,administracion_empresas
TS-02887,administracion_empresas
TS-02888,administracion_empresas
TS-02889,administracion_empresas
TS-02890,administracion_empresas
TS-02891,administracion_empresas
TS-02892,administracion_empresas
TS-02893,administracion_empresas
TS-02894,administracion_empresas
TS-02895,administracion_empresas
TS-02896,administracion_empresas
TS-02897,administracion_empresas
TS-02898,administracion_empresas
TS-02899,administracion_empresas
TS-02900,administracion_empresas
TS-02901,administracion_empresas
TS-02902,administracion_empresas
TS-02903,administracion_empresas
TS-02904,administracion_empresas
TS-02905,administracion_empresas
TS-02906,administracion_empresas
TS-02907,administracion_empresas
TS-02908,administracion_empresas
TS-02909,administracion_empresas
TS-02910,administracion_empresas
TS-02911,administracion_empresas
TS-02912,administracion_empresas
TS-02913,administracion_empresas
TS-02914,administracion_empresas
TS-02915,administracion_empresas
TS-02916,administracion_empresas
TS-02917,administracion_empresas
TS-02918,administracion_empresas
TS-02919,administracion_empresas
TS-02920,administracion_empresas
TS-02921,administracion_empresas
TS-02922,administracion_empresas
TS-02923,administracion_empresas
TS-02924,administracion_empresas
TS-02925,administracion_empresas
TS-02926,administracion_empresas
TS-02927,administracion_empresas
TS-02928,administracion_empresas
TS-02929,administracion_empresas
TS-02930,administracion_empresas
TS-02931,administracion_empresas
TS-02932,administracion_empresas
TS-02933,administracion_empresas
TS-02934,administracion_empresas
TS-02935,administracion_empresas
TS-02936,administracion_empresas
TS-02937,administracion_empresas
TS-02938,administracion_empresas
TS-02939,administracion_empresas
TS-02940,administracion_empresas
TS-02941,administracion_empresas
TS-02942,administracion_empresas
TS-02943,administracion_empresas
TS-02944,administracion_empresas
TS-02945,administracion_empresas
TS-02946,administracion_empresas
TS-02947,administracion_empresas
TS-02948,administracion_empresas
TS-02949,administracion_empresas
TS-02950,administracion_empresas
TS-02951,administracion_empresas
TS-02952,administracion_empresas
TS-02953,administracion_empresas
TS-02954,administracion_empresas
TS-02955,administracion_empresas
TS-02956,administracion_empresas
TS-02957,administracion_empresas
TS-02958,administracion_empresas
TS-02959,administracion_empresas
TS-02960,administracion_empresas
TS-02961,administracion_empresas
TS-02962,administracion_empresas
TS-02963,administracion_empresas
TS-02964,administracion_empresas
TS-02965,administracion_empresas
TS-02966,administracion_empresas
TS-02967,administracion_empresas
TS-02968,administracion_empresas
TS-02969,administracion_empresas
TS-02970,administracion_empresas
TS-02971,administracion_empresas
TS-02972,administracion_empresas
TS-02973,administracion_empresas
TS-02974,administracion_empresas
TS-02975,administracion_empresas
TS-02976,administracion_empresas
TS-02977,administracion_empresas
TS-02978,administracion_empresas
TS-02979,administracion_empresas
TS-02980,administracion_empresas
TS-02981,administracion_empresas
TS-02982,administracion_empresas
TS-02983,administracion_empresas
TS-02984,administracion_empresas
TS-02985,administracion_empresas
TS-02986,administracion_empresas
TS-02987,administracion_empresas
TS-02988,administracion_empresas
TS-02989,administracion_empresas
TS-02990,administracion_empresas
TS-02991,administracion_empresas
TS-02992,administracion_empresas
TS-02993,administracion_empresas
TS-02994,administracion_empresas
TS-02995,administracion_empresas
TS-02996,administracion_empresas
TS-02997,administracion_empresas
TS-02998,administracion_empresas
TS-02999,administracion_empresas
TS-03000,administracion_empresas
TS-03001,administracion_empresas
TS-03002,administracion_empresas
TS-03003,administracion_empresas
TS-03004,administracion_empresas
TS-03005,administracion_empresas
TS-03006,administracion_empresas
TS-03007,administracion_empresas
TS-03008,administracion_empresas
TS-03009,administracion_empresas
TS-03010,administracion_empresas
TS-03011,administracion_empresas
TS-03012,administracion_empresas
TS-03013,administracion_empresas
TS-03014,administracion_empresas
TS-03015,administracion_empresas
TS-03016,administracion_empresas
TS-03017,administracion_empresas
TS-03018,administracion_empresas
TS-03019,administracion_empresas
TS-03020,administracion_empresas
TS-03021,administracion_empresas
TS-03022,administracion_empresas
TS-03023,administracion_empresas
TS-03024,administracion_empresas
TS-03025,administracion_empresas
TS-03026,administracion_empresas
TS-03027,administracion_empresas
TS-03028,administracion_empresas
TS-03029,administracion_empresas
TS-03030,administracion_empresas
TS-03031,administracion_empresas
TS-03032,administracion_empresas
TS-03033,administracion_empresas
TS-03034,administracion_empresas
TS-03035,administracion_empresas
TS-03036,administracion_empresas
TS-03037,administracion_empresas
TS-03038,administracion_empresas
TS-03039,administracion_empresas
TS-03040,administracion_empresas
TS-03041,administracion_empresas
TS-03042,administracion_empresas
TS-03043,administracion_empresas
TS-03044,administracion_empresas
TS-03045,administracion_empresas
TS-03046,administracion_empresas
TS-03047,administracion_empresas
TS-03048,administracion_empresas
TS-03049,administracion_empresas
TS-03050,administracion_empresas
TS-03051,administracion_empresas
TS-03052,administracion_empresas
TS-03053,administracion_empresas
TS-03054,administracion_empresas
TS-03055,administracion_empresas
TS-03056,administracion_empresas
TS-03057,administracion_empresas
TS-03058,administracion_empresas
TS-03059,administracion_empresas
TS-03060,administracion_empresas
TS-03061,administracion_empresas
TS-03062,administracion_empresas
TS-03063,administracion_empresas
TS-03064,administracion_empresas
TS-03065,administracion_empresas
TS-03066,administracion_empresas
TS-03067,administracion_empresas
TS-03068,administracion_empresas
TS-03069,administracion_empresas
TS-03070,administracion_empresas
TS-03071,administracion_empresas
TS-03072,administracion_empresas
TS-03073,administracion_empresas
TS-03074,administracion_empresas
TS-03075,administracion_empresas
TS-03076,administracion_empresas
TS-03077,administracion_empresas
TS-03078,administracion_empresas
TS-03079,administracion_empresas
TS-03080,administracion_empresas
TS-03081,administracion_empresas
TS-03082,administracion_empresas
TS-03083,administracion_empresas
TS-03084,administracion_empresas
TS-03085,administracion_empresas
TS-03086,administracion_empresas
TS-03087,administracion_empresas
TS-03088,administracion_empresas
TS-03089,administracion_empresas
TS-03090,administracion_empresas
TS-03091,administracion_empresas
TS-03092,administracion_empresas
TS-03093,administracion_empresas
TS-03094,administracion_empresas
TS-03095,administracion_empresas
TS-03096,administracion_empresas
TS-03097,administracion_empresas
TS-03098,administracion_empresas
TS-03099,administracion_empresas
TS-03100,administracion_empresas
TS-03101,administracion_empresas
TS-03102,administracion_empresas
TS-03103,administracion_empresas
TS-03104,administracion_empresas
TS-03105,administracion_empresas
TS-03106,administracion_empresas
TS-03107,administracion_empresas
TS-03108,administracion_empresas
TS-03109,administracion_empresas
TS-03110,administracion_empresas
TS-03111,administracion_empresas
TS-03112,administracion_empresas
TS-03113,administracion_empresas
TS-03114,administracion_empresas
TS-03115,administracion_empresas
TS-03116,administracion_empresas
TS-03117,administracion_empresas
TS-03118,administracion_empresas
TS-03119,administracion_empresas
TS-03120,administracion_empresas
TS-03121,administracion_empresas
TS-03122,administracion_empresas
TS-03123,administracion_empresas
TS-03124,administracion_empresas
TS-03125,administracion_empresas
TS-03126,administracion_empresas
TS-03127,administracion_empresas
TS-03128,administracion_empresas
TS-03129,administracion_empresas
TS-03130,administracion_empresas
TS-03131,administracion_empresas
TS-03132,administracion_empresas
TS-03133,administracion_empresas
TS-03134,administracion_empresas
TS-03135,administracion_empresas
TS-03136,administracion_empresas
TS-03137,administracion_empresas
TS-03138,administracion_empresas
TS-03139,administracion_empresas
TS-03140,administracion_empresas
TS-03141,administracion_empresas
TS-03142,administracion_empresas
TS-03143,administracion_empresas
TS-03144,administracion_empresas
TS-03145,administracion_empresas
TS-03146,administracion_empresas
TS-03147,administracion_empresas
TS-03148,administracion_empresas
TS-03149,administracion_empresas
TS-03150,administracion_empresas
TS-03151,administracion_empresas
TS-03152,administracion_empresas
TS-03153,administracion_empresas
TS-03154,administracion_empresas
TS-03155,administracion_empresas
TS-03156,administracion_empresas
TS-03157,administracion_empresas
TS-03158,administracion_empresas
TS-03159,administracion_empresas
TS-03160,administracion_empresas
TS-03161,administracion_empresas
TS-03162,administracion_empresas
TS-03163,administracion_empresas
TS-03164,administracion_empresas
TS-03165,administracion_empresas
TS-03166,administracion_empresas
TS-03167,administracion_empresas
TS-03168,administracion_empresas
TS-03169,administracion_empresas
TS-03170,administracion_empresas
TS-03171,administracion_empresas
TS-03172,administracion_empresas
TS-03173,administracion_empresas
TS-03174,administracion_empresas
TS-03175,administracion_empresas
TS-03176,administracion_empresas
TS-03177,administracion_empresas
TS-03178,administracion_empresas
TS-03179,administracion_empresas
TS-03180,administracion_empresas
TS-03181,administracion_empresas
TS-03182,administracion_empresas
TS-03183,administracion_empresas
TS-03184,administracion_empresas
TS-03185,administracion_empresas
TS-03186,administracion_empresas
TS-03187,administracion_empresas
TS-03188,administracion_empresas
TS-03189,administracion_empresas
TS-03190,administracion_empresas
TS-03191,administracion_empresas
TS-03192,administracion_empresas
TS-03193,administracion_empresas
TS-03194,administracion_empresas
TS-03195,administracion_empresas
TS-03196,administracion_empresas
TS-03197,administracion_empresas
TS-03198,administracion_empresas
TS-03199,administracion_empresas
TS-03200,administracion_empresas
TS-03201,administracion_empresas
TS-03202,administracion_empresas
TS-03203,administracion_empresas
TS-03204,administracion_empresas
TS-03205,administracion_empresas
TS-03206,administracion_empresas
TS-03207,administracion_empresas
TS-03208,administracion_empresas
TS-03209,administracion_empresas
TS-03210,administracion_empresas
TS-03211,administracion_empresas
TS-03212,administracion_empresas
TS-03213,administracion_empresas
TS-03214,administracion_empresas
TS-03215,administracion_empresas
TS-03216,administracion_empresas
TS-03217,administracion_empresas
TS-03218,administracion_empresas
TS-03219,administracion_empresas
TS-03220,administracion_empresas
TS-03221,administracion_empresas
TS-03222,administracion_empresas
TS-03223,administracion_empresas
TS-03224,administracion_empresas
TS-03225,administracion_empresas
TS-03226,administracion_empresas
TS-03227,administracion_empresas
TS-03228,administracion_empresas
TS-03229,administracion_empresas
TS-03230,administracion_empresas
TS-03231,administracion_empresas
TS-03232,administracion_empresas
TS-03233,administracion_empresas
TS-03234,administracion_empresas
TS-03235,administracion_empresas
TS-03236,administracion_empresas
TS-03237,administracion_empresas
TS-03238,administracion_empresas
TS-03239,administracion_empresas
TS-03240,administracion_empresas
TS-03241,administracion_empresas
TS-03242,administracion_empresas
TS-03243,administracion_empresas
TS-03244,administracion_empresas
TS-03245,administracion_empresas
TS-03246,administracion_empresas
TS-03247,administracion_empresas
TS-03248,administracion_empresas
TS-03249,administracion_empresas
TS-03250,administracion_empresas
TS-03251,administracion_empresas
TS-03252,administracion_empresas
TS-03253,administracion_empresas
TS-03254,administracion_empresas
TS-03255,administracion_empresas
TS-03256,administracion_empresas
TS-03257,administracion_empresas
TS-03258,administracion_empresas
TS-03259,administracion_empresas
TS-03260,administracion_empresas
TS-03261,administracion_empresas
TS-03262,administracion_empresas
TS-03263,administracion_empresas
TS-03264,administracion_empresas
TS-03265,administracion_empresas
TS-03266,administracion_empresas
TS-03267,administracion_empresas
TS-03268,administracion_empresas
TS-03269,administracion_empresas
TS-03270,administracion_empresas
TS-03271,administracion_empresas
TS-03272,administracion_empresas
TS-03273,administracion_empresas
TS-03274,administracion_empresas
TS-03275,administracion_empresas
TS-03276,administracion_empresas
TS-03277,administracion_empresas
TS-03278,administracion_empresas
TS-03279,administracion_empresas
TS-03280,administracion_empresas
TS-03281,administracion_empresas
TS-03282,administracion_empresas
TS-03283,administracion_empresas
TS-03284,administracion_empresas
TS-03285,administracion_empresas
TS-03286,administracion_empresas
TS-03287,administracion_empresas
TS-03288,administracion_empresas
TS-03289,administracion_empresas
TS-03290,administracion_empresas
TS-03291,administracion_empresas
TS-03292,administracion_empresas
TS-03293,administracion_empresas
TS-03294,administracion_empresas
TS-03295,administracion_empresas
TS-03296,administracion_empresas
TS-03297,administracion_empresas
TS-03298,administracion_empresas
TS-03299,administracion_empresas
TS-03300,administracion_empresas
TS-03301,administracion_empresas
TS-03302,administracion_empresas
TS-03303,administracion_empresas
TS-03304,administracion_empresas
TS-03305,administracion_empresas
TS-03306,administracion_empresas
TS-03307,administracion_empresas
TS-03308,administracion_empresas
TS-03309,administracion_empresas
TS-03310,administracion_empresas
TS-03311,administracion_empresas
TS-03312,administracion_empresas
TS-03313,administracion_empresas
TS-03314,administracion_empresas
TS-03315,administracion_empresas
TS-03316,administracion_empresas
TS-03317,administracion_empresas
TS-03318,administracion_empresas
TS-03319,administracion_empresas
TS-03320,administracion_empresas
TS-03321,administracion_empresas
TS-03322,administracion_empresas
TS-03323,administracion_empresas
TS-03324,administracion_empresas
TS-03325,administracion_empresas
TS-03326,administracion_empresas
TS-03327,administracion_empresas
TS-03328,administracion_empresas
TS-03329,administracion_empresas
TS-03330,administracion_empresas
TS-03331,administracion_empresas
TS-03332,administracion_empresas
TS-03333,administracion_empresas
TS-03334,administracion_empresas
TS-03335,administracion_empresas
TS-03336,administracion_empresas
TS-03337,administracion_empresas
TS-03338,administracion_empresas
TS-03339,administracion_empresas
TS-03340,administracion_empresas
TS-03341,administracion_empresas
TS-03342,administracion_empresas
TS-03343,administracion_empresas
TS-03344,administracion_empresas
TS-03345,administracion_empresas
TS-03346,administracion_empresas
TS-03347,administracion_empresas
TS-03348,administracion_empresas
TS-03349,administracion_empresas
TS-03350,administracion_empresas
TS-03351,administracion_empresas
TS-03352,administracion_empresas
TS-03353,administracion_empresas
TS-03354,administracion_empresas
TS-03355,administracion_empresas
TS-03356,administracion_empresas
TS-03357,administracion_empresas
TS-03358,administracion_empresas
TS-03359,administracion_empresas
TS-03360,administracion_empresas
TS-03361,administracion_empresas
TS-03362,administracion_empresas
TS-03363,administracion_empresas
TS-03364,administracion_empresas
TS-03365,administracion_empresas
TS-03366,administracion_empresas
TS-03367,administracion_empresas
TS-03368,administracion_empresas
TS-03369,administracion_empresas
TS-03370,administracion_empresas
TS-03371,administracion_empresas
TS-03372,administracion_empresas
TS-03373,administracion_empresas
TS-03374,administracion_empresas
TS-03375,administracion_empresas
TS-03376,administracion_empresas
TS-03377,administracion_empresas
TS-03378,administracion_empresas
TS-03379,administracion_empresas
TS-03380,administracion_empresas
TS-03381,administracion_empresas
TS-03382,administracion_empresas
TS-03383,administracion_empresas
TS-03384,administracion_empresas
TS-03385,administracion_empresas
TS-03386,administracion_empresas
TS-03387,administracion_empresas
TS-03388,administracion_empresas
TS-03389,administracion_empresas
TS-03390,administracion_empresas
TS-03391,administracion_empresas
TS-03392,administracion_empresas
TS-03393,administracion_empresas
TS-03394,administracion_empresas
TS-03395,administracion_empresas
TS-03396,administracion_empresas
TS-03397,administracion_empresas
TS-03398,administracion_empresas
TS-03399,administracion_empresas
TS-03400,administracion_empresas
TS-03401,administracion_empresas
TS-03402,administracion_empresas
TS-03403,administracion_empresas
TS-03404,administracion_empresas
TS-03405,administracion_empresas
TS-03406,administracion_empresas
TS-03407,administracion_empresas
TS-03408,administracion_empresas
TS-03409,administracion_empresas
TS-03410,administracion_empresas
TS-03411,administracion_empresas
TS-03412,administracion_empresas
TS-03413,administracion_empresas
TS-03414,administracion_empresas
TS-03415,administracion_empresas
TS-03416,administracion_empresas
TS-03417,administracion_empresas
TS-03418,administracion_empresas
TS-03419,administracion_empresas
TS-03420,administracion_empresas
TS-03421,administracion_empresas
TS-03422,administracion_empresas
TS-03423,administracion_empresas
TS-03424,administracion_empresas
TS-03425,administracion_empresas
TS-03426,administracion_empresas
TS-03427,administracion_empresas
TS-03428,administracion_empresas
TS-03429,administracion_empresas
TS-03430,administracion_empresas
TS-03431,administracion_empresas
TS-03432,administracion_empresas
TS-03433,administracion_empresas
TS-03434,administracion_empresas
TS-03435,administracion_empresas
TS-03436,administracion_empresas
TS-03437,administracion_empresas
TS-03438,administracion_empresas
TS-03439,administracion_empresas
TS-03440,administracion_empresas
TS-03441,administracion_empresas
TS-03442,administracion_empresas
TS-03443,administracion_empresas
TS-03444,administracion_empresas
TS-03445,administracion_empresas
TS-03446,administracion_empresas
TS-03447,administracion_empresas
TS-03448,administracion_empresas
TS-03449,administracion_empresas
TS-03450,administracion_empresas
TS-03451,administracion_empresas
TS-03452,administracion_empresas
TS-03453,administracion_empresas
TS-03454,administracion_empresas
TS-03455,administracion_empresas
TS-03456,administracion_empresas
TS-03457,administracion_empresas
TS-03458,administracion_empresas
TS-03459,administracion_empresas
TS-03460,administracion_empresas
TS-03461,administracion_empresas
TS-03462,administracion_empresas
TS-03463,administracion_empresas
TS-03464,administracion_empresas
TS-03465,administracion_empresas
TS-03466,administracion_empresas
TS-03467,administracion_empresas
TS-03468,administracion_empresas
TS-03469,administracion_empresas
TS-03470,administracion_empresas
TS-03471,administracion_empresas
TS-03472,administracion_empresas
TS-03473,administracion_empresas
TS-03474,administracion_empresas
TS-03475,administracion_empresas
TS-03476,administracion_empresas
TS-03477,administracion_empresas
TS-03478,administracion_empresas
TS-03479,administracion_empresas
TS-03480,administracion_empresas
TS-03481,administracion_empresas
TS-03482,administracion_empresas
TS-03483,administracion_empresas
TS-03484,administracion_empresas
TS-03485,administracion_empresas
TS-03486,administracion_empresas
TS-03487,administracion_empresas
TS-03488,administracion_empresas
TS-03489,administracion_empresas
TS-03490,administracion_empresas
TS-03491,administracion_empresas
TS-03492,administracion_empresas
TS-03493,administracion_empresas
TS-03494,administracion_empresas
TS-03495,administracion_empresas
TS-03496,administracion_empresas
TS-03497,administracion_empresas
TS-03498,administracion_empresas
TS-03499,administracion_empresas
TS-03500,administracion_empresas
TS-03501,administracion_empresas
TS-03502,administracion_empresas
TS-03503,administracion_empresas
TS-03504,administracion_empresas
TS-03505,administracion_empresas
TS-03506,administracion_empresas
TS-03507,administracion_empresas
TS-03508,administracion_empresas
TS-03509,administracion_empresas
TS-03510,administracion_empresas
TS-03511,administracion_empresas
TS-03512,administracion_empresas
TS-03513,administracion_empresas
TS-03514,administracion_empresas
TS-03515,administracion_empresas
TS-03516,administracion_empresas
TS-03517,administracion_empresas
TS-03518,administracion_empresas
TS-03519,administracion_empresas
TS-03520,administracion_empresas
TS-03521,administracion_empresas
TS-03522,administracion_empresas
TS-03523,administracion_empresas
TS-03524,administracion_empresas
TS-03525,administracion_empresas
TS-03526,administracion_empresas
TS-03527,administracion_empresas
TS-03528,administracion_empresas
TS-03529,administracion_empresas
TS-03530,administracion_empresas
TS-03531,administracion_empresas
TS-03532,administracion_empresas
TS-03533,administracion_empresas
TS-03534,administracion_empresas
TS-03535,administracion_empresas
TS-03536,administracion_empresas
TS-03537,administracion_empresas
TS-03538,administracion_empresas
TS-03539,administracion_empresas
TS-03540,administracion_empresas
TS-03541,administracion_empresas
TS-03542,administracion_empresas
TS-03543,administracion_empresas
TS-03544,administracion_empresas
TS-03545,administracion_empresas
TS-03546,administracion_empresas
TS-03547,administracion_empresas
TS-03548,administracion_empresas
TS-03549,administracion_empresas
TS-03550,administracion_empresas
TS-03551,administracion_empresas
TS-03552,administracion_empresas
TS-03553,administracion_empresas
TS-03554,administracion_empresas
TS-03555,administracion_empresas
TS-03556,administracion_empresas
TS-03557,administracion_empresas
TS-03558,administracion_empresas
TS-03559,administracion_empresas
TS-03560,administracion_empresas
TS-03561,administracion_empresas
TS-03562,administracion_empresas
TS-03563,administracion_empresas
TS-03564,administracion_empresas
TS-03565,administracion_empresas
TS-03566,administracion_empresas
TS-03567,administracion_empresas
TS-03568,administracion_empresas
TS-03569,administracion_empresas
TS-03570,administracion_empresas
TS-03571,administracion_empresas
TS-03572,administracion_empresas
TS-03573,administracion_empresas
TS-03574,administracion_empresas
TS-03575,administracion_empresas
TS-03576,administracion_empresas
TS-03577,administracion_empresas
TS-03578,administracion_empresas
TS-03579,administracion_empresas
TS-03580,administracion_empresas
TS-03581,administracion_empresas
TS-03582,administracion_empresas
TS-03583,administracion_empresas
TS-03584,administracion_empresas
TS-03585,administracion_empresas
TS-03586,administracion_empresas
TS-03587,administracion_empresas
TS-03588,administracion_empresas
TS-03589,administracion_empresas
TS-03590,administracion_empresas
TS-03591,administracion_empresas
TS-03592,administracion_empresas
TS-03593,administracion_empresas
TS-03594,administracion_empresas
TS-03595,administracion_empresas
TS-03596,administracion_empresas
TS-03597,administracion_empresas
TS-03598,administracion_empresas
TS-03599,administracion_empresas
TS-03600,administracion_empresas
TS-03601,administracion_empresas
TS-03602,administracion_empresas
TS-03603,administracion_empresas
TS-03604,administracion_empresas
TS-03605,administracion_empresas
TS-03606,administracion_empresas
TS-03607,administracion_empresas
TS-03608,administracion_empresas
TS-03609,administracion_empresas
TS-03610,administracion_empresas
TS-03611,administracion_empresas
TS-03612,administracion_empresas
TS-03613,administracion_empresas
TS-03614,administracion_empresas
TS-03615,administracion_empresas
TS-03616,administracion_empresas
TS-03617,administracion_empresas
TS-03618,administracion_empresas
TS-03619,administracion_empresas
TS-03620,administracion_empresas
TS-03621,administracion_empresas
TS-03622,administracion_empresas
TS-03623,administracion_empresas
TS-03624,administracion_empresas
TS-03625,administracion_empresas
TS-03626,administracion_empresas
TS-03627,administracion_empresas
TS-03628,administracion_empresas
TS-03629,administracion_empresas
TS-03630,administracion_empresas
TS-03631,administracion_empresas
TS-03632,administracion_empresas
TS-03633,administracion_empresas
TS-03634,administracion_empresas
TS-03635,administracion_empresas
TS-03636,administracion_empresas
TS-03637,administracion_empresas
TS-03638,administracion_empresas
TS-03639,administracion_empresas
TS-03640,administracion_empresas
TS-03641,administracion_empresas
TS-03642,administracion_empresas
TS-03643,administracion_empresas
TS-03644,administracion_empresas
TS-03645,administracion_empresas
TS-03646,administracion_empresas
TS-03647,administracion_empresas
TS-03648,administracion_empresas
TS-03649,administracion_empresas
TS-03650,administracion_empresas
TS-03651,administracion_empresas
TS-03652,administracion_empresas
TS-03653,administracion_empresas
TS-03654,administracion_empresas
TS-03655,administracion_empresas
TS-03656,administracion_empresas
TS-03657,administracion_empresas
TS-03658,administracion_empresas
TS-03659,administracion_empresas
TS-03660,administracion_empresas
TS-03661,administracion_empresas
TS-03662,administracion_empresas
TS-03663,administracion_empresas
TS-03664,administracion_empresas
TS-03665,administracion_empresas
TS-03666,administracion_empresas
TS-03667,administracion_empresas
TS-03668,administracion_empresas
TS-03669,administracion_empresas
TS-03670,administracion_empresas
TS-03671,administracion_empresas
TS-03672,administracion_empresas
TS-03673,administracion_empresas
TS-03674,administracion_empresas
TS-03675,administracion_empresas
TS-03676,administracion_empresas
TS-03677,administracion_empresas
TS-03678,administracion_empresas
TS-03679,administracion_empresas
TS-03680,administracion_empresas
TS-03681,administracion_empresas
TS-03682,administracion_empresas
TS-03683,administracion_empresas
TS-03684,administracion_empresas
TS-03685,administracion_empresas
TS-03686,administracion_empresas
TS-03687,administracion_empresas
TS-03688,administracion_empresas
TS-03689,administracion_empresas
TS-03690,administracion_empresas
TS-03691,administracion_empresas
TS-03692,administracion_empresas
TS-03693,administracion_empresas
TS-03694,administracion_empresas
TS-03695,administracion_empresas
TS-03696,administracion_empresas
TS-03697,administracion_empresas
TS-03698,administracion_empresas
TS-03699,administracion_empresas
TS-03700,administracion_empresas
TS-03701,administracion_empresas
TS-03702,administracion_empresas
TS-03703,administracion_empresas
TS-03704,administracion_empresas
TS-03705,administracion_empresas
TS-03706,administracion_empresas
TS-03707,administracion_empresas
TS-03708,administracion_empresas
TS-03709,administracion_empresas
TS-03710,administracion_empresas
TS-03711,administracion_empresas
TS-03712,administracion_empresas
TS-03713,administracion_empresas
TS-03714,administracion_empresas
TS-03715,administracion_empresas
TS-03716,administracion_empresas
TS-03717,administracion_empresas
TS-03718,administracion_empresas
TS-03719,administracion_empresas
TS-03720,administracion_empresas
TS-03721,administracion_empresas
TS-03722,administracion_empresas
TS-03723,administracion_empresas
TS-03724,administracion_empresas
TS-03725,administracion_empresas
TS-03726,administracion_empresas
TS-03727,administracion_empresas
TS-03728,administracion_empresas
TS-03729,administracion_empresas
TS-03730,administracion_empresas
TS-03731,administracion_empresas
TS-03732,administracion_empresas
TS-03733,administracion_empresas
TS-03734,administracion_empresas
TS-03735,administracion_empresas
TS-03736,administracion_empresas
TS-03737,administracion_empresas
TS-03738,administracion_empresas
TS-03739,administracion_empresas
TS-03740,administracion_empresas
TS-03741,administracion_empresas
TS-03742,administracion_empresas
TS-03743,administracion_empresas
TS-03744,administracion_empresas
TS-03745,administracion_empresas
TS-03746,administracion_empresas
TS-03747,administracion_empresas
TS-03748,administracion_empresas
TS-03749,administracion_empresas
TS-03750,administracion_empresas
TS-03751,administracion_empresas
TS-03752,administracion_empresas
TS-03753,administracion_empresas
TS-03754,administracion_empresas
TS-03755,administracion_empresas
TS-03756,administracion_empresas
TS-03757,administracion_empresas
TS-03758,administracion_empresas
TS-03759,administracion_empresas
TS-03760,administracion_empresas
TS-03761,administracion_empresas
TS-03762,administracion_empresas
TS-03763,administracion_empresas
TS-03764,administracion_empresas
TS-03765,administracion_empresas
TS-03766,administracion_empresas
TS-03767,administracion_empresas
TS-03768,administracion_empresas
TS-03769,administracion_empresas
TS-03770,administracion_empresas
TS-03771,administracion_empresas
TS-03772,administracion_empresas
TS-03773,administracion_empresas
TS-03774,administracion_empresas
TS-03775,administracion_empresas
TS-03776,administracion_empresas
TS-03777,administracion_empresas
TS-03778,administracion_empresas
TS-03779,administracion_empresas
TS-03780,administracion_empresas
TS-03781,administracion_empresas
TS-03782,administracion_empresas
TS-03783,administracion_empresas
TS-03784,administracion_empresas
TS-03785,administracion_empresas
TS-03786,administracion_empresas
TS-03787,administracion_empresas
TS-03788,administracion_empresas
TS-03789,administracion_empresas
TS-03790,administracion_empresas
TS-03791,administracion_empresas
TS-03792,administracion_empresas
TS-03793,administracion_empresas
TS-03794,administracion_empresas
TS-03795,administracion_empresas
TS-03796,administracion_empresas
TS-03797,administracion_empresas
TS-03798,administracion_empresas
TS-03799,administracion_empresas
TS-03800,administracion_empresas
TS-03801,administracion_empresas
TS-03802,administracion_empresas
TS-03803,administracion_empresas
TS-03804,administracion_empresas
TS-03805,administracion_empresas
TS-03806,administracion_empresas
TS-03807,administracion_empresas
TS-03808,administracion_empresas
TS-03809,administracion_empresas
TS-03810,administracion_empresas
TS-03811,administracion_empresas
TS-03812,administracion_empresas
TS-03813,administracion_empresas
TS-03814,administracion_empresas
TS-03815,administracion_empresas
TS-03816,administracion_empresas
TS-03817,administracion_empresas
TS-03818,administracion_empresas
TS-03819,administracion_empresas
TS-03820,administracion_empresas
TS-03821,administracion_empresas
TS-03822,administracion_empresas
TS-03823,administracion_empresas
TS-03824,administracion_empresas
TS-03825,administracion_empresas
TS-03826,administracion_empresas
TS-03827,administracion_empresas
TS-03828,administracion_empresas
TS-03829,administracion_empresas
TS-03830,administracion_empresas
TS-03831,administracion_empresas
TS-03832,administracion_empresas
TS-03833,administracion_empresas
TS-03834,administracion_empresas
TS-03835,administracion_empresas
TS-03836,administracion_empresas
TS-03837,administracion_empresas
TS-03838,administracion_empresas
TS-03839,administracion_empresas
TS-03840,administracion_empresas
TS-03841,administracion_empresas
TS-03842,administracion_empresas
TS-03843,administracion_empresas
TS-03844,administracion_empresas
TS-03845,administracion_empresas
TS-03846,administracion_empresas
TS-03847,administracion_empresas
TS-03848,administracion_empresas
TS-03849,administracion_empresas
TS-03850,administracion_empresas
TS-03851,administracion_empresas
TS-03852,administracion_empresas
TS-03853,administracion_empresas
TS-03854,administracion_empresas
TS-03855,administracion_empresas
TS-03856,administracion_empresas
TS-03857,administracion_empresas
TS-03858,administracion_empresas
TS-03859,administracion_empresas
TS-03860,administracion_empresas
TS-03861,administracion_empresas
TS-03862,administracion_empresas
TS-03863,administracion_empresas
TS-03864,administracion_empresas
TS-03865,administracion_empresas
TS-03866,administracion_empresas
TS-03867,administracion_empresas
TS-03868,administracion_empresas
TS-03869,administracion_empresas
TS-03870,administracion_empresas
TS-03871,administracion_empresas
TS-03872,administracion_empresas
TS-03873,administracion_empresas
TS-03874,administracion_empresas
TS-03875,administracion_empresas
TS-03876,administracion_empresas
TS-03877,administracion_empresas
TS-03878,administracion_empresas
TS-03879,administracion_empresas
TS-03880,administracion_empresas
TS-03881,administracion_empresas
TS-03882,administracion_empresas
TS-03883,administracion_empresas
TS-03884,administracion_empresas
TS-03885,administracion_empresas
TS-03886,administracion_empresas
TS-03887,administracion_empresas
TS-03888,administracion_empresas
TS-03889,administracion_empresas
TS-03890,administracion_empresas
TS-03891,administracion_empresas
TS-03892,administracion_empresas
TS-03893,administracion_empresas
TS-03894,administracion_empresas
TS-03895,administracion_empresas
TS-03896,administracion_empresas
TS-03897,administracion_empresas
TS-03898,administracion_empresas
TS-03899,administracion_empresas
TS-03900,administracion_empresas
TS-03901,administracion_empresas
TS-03902,administracion_empresas
TS-03903,administracion_empresas
TS-03904,administracion_empresas
TS-03905,administracion_empresas
TS-03906,administracion_empresas
TS-03907,administracion_empresas
TS-03908,administracion_empresas
TS-03909,administracion_empresas
TS-03910,administracion_empresas
TS-03911,administracion_empresas
TS-03912,administracion_empresas
TS-03913,administracion_empresas
TS-03914,administracion_empresas
TS-03915,administracion_empresas
TS-03916,administracion_empresas
TS-03917,administracion_empresas
TS-03918,administracion_empresas
TS-03919,administracion_empresas
TS-03920,administracion_empresas
TS-03921,administracion_empresas
TS-03922,administracion_empresas
TS-03923,administracion_empresas
TS-03924,administracion_empresas
TS-03925,administracion_empresas
TS-03926,administracion_empresas
TS-03927,administracion_empresas
TS-03928,administracion_empresas
TS-03929,administracion_empresas
TS-03930,administracion_empresas
TS-03931,administracion_empresas
TS-03932,administracion_empresas
TS-03933,administracion_empresas
TS-03934,administracion_empresas
TS-03935,administracion_empresas
TS-03936,administracion_empresas
TS-03937,administracion_empresas
TS-03938,administracion_empresas
TS-03939,administracion_empresas
TS-03940,administracion_empresas
TS-03941,administracion_empresas
TS-03942,administracion_empresas
TS-03943,administracion_empresas
TS-03944,administracion_empresas
TS-03945,administracion_empresas
TS-03946,administracion_empresas
TS-03947,administracion_empresas
TS-03948,administracion_empresas
TS-03949,administracion_empresas
TS-03950,administracion_empresas
TS-03951,administracion_empresas
TS-03952,administracion_empresas
TS-03953,administracion_empresas
TS-03954,administracion_empresas
TS-03955,administracion_empresas
TS-03956,administracion_empresas
TS-03957,administracion_empresas
TS-03958,administracion_empresas
TS-03959,administracion_empresas
TS-03960,administracion_empresas
TS-03961,administracion_empresas
TS-03962,administracion_empresas
TS-03963,administracion_empresas
TS-03964,administracion_empresas
TS-03965,administracion_empresas
TS-03966,administracion_empresas
TS-03967,administracion_empresas
TS-03968,administracion_empresas
TS-03969,administracion_empresas
TS-03970,administracion_empresas
TS-03971,administracion_empresas
TS-03972,administracion_empresas
TS-03973,administracion_empresas
TS-03974,administracion_empresas
TS-03975,administracion_empresas
TS-03976,administracion_empresas
TS-03977,administracion_empresas
TS-03978,administracion_empresas
TS-03979,administracion_empresas
TS-03980,administracion_empresas
TS-03981,administracion_empresas
TS-03982,administracion_empresas
TS-03983,administracion_empresas
TS-03984,administracion_empresas
TS-03985,administracion_empresas
TS-03986,administracion_empresas
TS-03987,administracion_empresas
TS-03988,administracion_empresas
TS-03989,administracion_empresas
TS-03990,administracion_empresas
TS-03991,administracion_empresas
TS-03992,administracion_empresas
TS-03993,administracion_empresas
TS-03994,administracion_empresas
TS-03995,administracion_empresas
TS-03996,administracion_empresas
TS-03997,administracion_empresas
TS-03998,administracion_empresas
TS-03999,administracion_empresas
TS-04000,administracion_empresas
TS-04001,administracion_empresas
TS-04002,administracion_empresas
TS-04003,administracion_empresas
TS-04004,administracion_empresas
TS-04005,administracion_empresas
TS-04006,administracion_empresas
TS-04007,administracion_empresas
TS-04008,administracion_empresas
TS-04009,administracion_empresas
TS-04010,administracion_empresas
TS-04011,administracion_empresas
TS-04012,administracion_empresas
TS-04013,administracion_empresas
TS-04014,administracion_empresas
TS-04015,administracion_empresas
TS-04016,administracion_empresas
TS-04017,administracion_empresas
TS-04018,administracion_empresas
TS-04019,administracion_empresas
TS-04020,administracion_empresas
TS-04021,administracion_empresas
TS-04022,administracion_empresas
TS-04023,administracion_empresas
TS-04024,administracion_empresas
TS-04025,administracion_empresas
TS-04026,administracion_empresas
TS-04027,administracion_empresas
TS-04028,administracion_empresas
TS-04029,administracion_empresas
TS-04030,administracion_empresas
TS-04031,administracion_empresas
TS-04032,administracion_empresas
TS-04033,administracion_empresas
TS-04034,administracion_empresas
TS-04035,administracion_empresas
TS-04036,administracion_empresas
TS-04037,administracion_empresas
TS-04038,administracion_empresas
TS-04039,administracion_empresas
TS-04040,administracion_empresas
TS-04041,administracion_empresas
TS-04042,administracion_empresas
TS-04043,administracion_empresas
TS-04044,administracion_empresas
TS-04045,administracion_empresas
TS-04046,administracion_empresas
TS-04047,administracion_empresas
TS-04048,administracion_empresas
TS-04049,administracion_empresas
TS-04050,administracion_empresas
TS-04051,administracion_empresas
TS-04052,administracion_empresas
TS-04053,administracion_empresas
TS-04054,administracion_empresas
TS-04055,administracion_empresas
TS-04056,administracion_empresas
TS-04057,administracion_empresas
TS-04058,administracion_empresas
TS-04059,administracion_empresas
TS-04060,administracion_empresas
TS-04061,administracion_empresas
TS-04062,administracion_empresas
TS-04063,administracion_empresas
TS-04064,administracion_empresas
TS-04065,administracion_empresas
TS-04066,administracion_empresas
TS-04067,administracion_empresas
TS-04068,administracion_empresas
TS-04069,administracion_empresas
TS-04070,administracion_empresas
TS-04071,administracion_empresas
TS-04072,administracion_empresas
TS-04073,administracion_empresas
TS-04074,administracion_empresas
TS-04075,administracion_empresas
TS-04076,administracion_empresas
TS-04077,administracion_empresas
TS-04078,administracion_empresas
TS-04079,administracion_empresas
TS-04080,administracion_empresas
TS-04081,administracion_empresas
TS-04082,administracion_empresas
TS-04083,administracion_empresas
TS-04084,administracion_empresas
TS-04085,administracion_empresas
TS-04086,administracion_empresas
TS-04087,administracion_empresas
TS-04088,administracion_empresas
TS-04089,administracion_empresas
TS-04090,administracion_empresas
TS-04091,administracion_empresas
TS-04092,administracion_empresas
TS-04093,administracion_empresas
TS-04094,administracion_empresas
TS-04095,administracion_empresas
TS-04096,administracion_empresas
TS-04097,administracion_empresas
TS-04098,administracion_empresas
TS-04099,administracion_empresas
TS-04100,administracion_empresas
TS-04101,administracion_empresas
TS-04102,administracion_empresas
TS-04103,administracion_empresas
TS-04104,administracion_empresas
TS-04105,administracion_empresas
TS-04106,administracion_empresas
TS-04107,administracion_empresas
TS-04108,administracion_empresas
TS-04109,administracion_empresas
TS-04110,administracion_empresas
TS-04111,administracion_empresas
TS-04112,administracion_empresas
TS-04113,administracion_empresas
TS-04114,administracion_empresas
TS-04115,administracion_empresas
TS-04116,administracion_empresas
TS-04117,administracion_empresas
TS-04118,administracion_empresas
TS-04119,administracion_empresas
TS-04120,administracion_empresas
TS-04121,administracion_empresas
TS-04122,administracion_empresas
TS-04123,administracion_empresas
TS-04124,administracion_empresas
TS-04125,administracion_empresas
TS-04126,administracion_empresas
TS-04127,administracion_empresas
TS-04128,administracion_empresas
TS-04129,administracion_empresas
TS-04130,administracion_empresas
TS-04131,administracion_empresas
TS-04132,administracion_empresas
TS-04133,administracion_empresas
TS-04134,administracion_empresas
TS-04135,administracion_empresas
TS-04136,administracion_empresas
TS-04137,administracion_empresas
TS-04138,administracion_empresas
TS-04139,administracion_empresas
TS-04140,administracion_empresas
TS-04141,administracion_empresas
TS-04142,administracion_empresas
TS-04143,administracion_empresas
TS-04144,administracion_empresas
TS-04145,administracion_empresas
TS-04146,administracion_empresas
TS-04147,administracion_empresas
TS-04148,administracion_empresas
TS-04149,administracion_empresas
TS-04150,administracion_empresas
TS-04151,administracion_empresas
TS-04152,administracion_empresas
TS-04153,administracion_empresas
TS-04154,administracion_empresas
TS-04155,administracion_empresas
TS-04156,administracion_empresas
TS-04157,administracion_empresas
TS-04158,administracion_empresas
TS-04159,administracion_empresas
TS-04160,administracion_empresas
TS-04161,administracion_empresas
TS-04162,administracion_empresas
TS-04163,administracion_empresas
TS-04164,administracion_empresas
TS-04165,administracion_empresas
TS-04166,administracion_empresas
TS-04167,administracion_empresas
TS-04168,administracion_empresas
TS-04169,administracion_empresas
TS-04170,administracion_empresas
TS-04171,administracion_empresas
TS-04172,administracion_empresas
TS-04173,administracion_empresas
TS-04174,administracion_empresas
TS-04175,administracion_empresas
TS-04176,administracion_empresas
TS-04177,administracion_empresas
TS-04178,administracion_empresas
TS-04179,administracion_empresas
TS-04180,administracion_empresas
TS-04181,administracion_empresas
TS-04182,administracion_empresas
TS-04183,administracion_empresas
TS-04184,administracion_empresas
TS-04185,administracion_empresas
TS-04186,administracion_empresas
TS-04187,administracion_empresas
TS-04188,administracion_empresas
TS-04189,administracion_empresas
TS-04190,administracion_empresas
TS-04191,administracion_empresas
TS-04192,administracion_empresas
TS-04193,administracion_empresas
TS-04194,administracion_empresas
TS-04195,administracion_empresas
TS-04196,administracion_empresas
TS-04197,administracion_empresas
TS-04198,administracion_empresas
TS-04199,administracion_empresas
TS-04200,administracion_empresas
TS-04201,administracion_empresas
TS-04202,administracion_empresas
TS-04203,administracion_empresas
TS-04204,administracion_empresas
TS-04205,administracion_empresas
TS-04206,administracion_empresas
TS-04207,administracion_empresas
TS-04208,administracion_empresas
TS-04209,administracion_empresas
TS-04210,administracion_empresas
TS-04211,administracion_empresas
TS-04212,administracion_empresas
TS-04213,administracion_empresas
TS-04214,administracion_empresas
TS-04215,administracion_empresas
TS-04216,administracion_empresas
TS-04217,administracion_empresas
TS-04218,administracion_empresas
TS-04219,administracion_empresas
TS-04220,administracion_empresas
TS-04221,administracion_empresas
TS-04222,administracion_empresas
TS-04223,administracion_empresas
TS-04224,administracion_empresas
TS-04225,administracion_empresas
TS-04226,administracion_empresas
TS-04227,administracion_empresas
TS-04228,administracion_empresas
TS-04229,administracion_empresas
TS-04230,administracion_empresas
TS-04231,administracion_empresas
TS-04232,administracion_empresas
TS-04233,administracion_empresas
TS-04234,administracion_empresas
TS-04235,administracion_empresas
TS-04236,administracion_empresas
TS-04237,administracion_empresas
TS-04238,administracion_empresas
TS-04239,administracion_empresas
TS-04240,administracion_empresas
TS-04241,administracion_empresas
TS-04242,administracion_empresas
TS-04243,administracion_empresas
TS-04244,administracion_empresas
TS-04245,administracion_empresas
TS-04246,administracion_empresas
TS-04247,administracion_empresas
TS-04248,administracion_empresas
TS-04249,administracion_empresas
TS-04250,administracion_empresas
TS-04251,administracion_empresas
TS-04252,administracion_empresas
TS-04253,administracion_empresas
TS-04254,administracion_empresas
TS-04255,administracion_empresas
TS-04256,administracion_empresas
TS-04257,administracion_empresas
TS-04258,administracion_empresas
TS-04259,administracion_empresas
TS-04260,administracion_empresas
TS-04261,administracion_empresas
TS-04262,administracion_empresas
TS-04263,administracion_empresas
TS-04264,administracion_empresas
TS-04265,administracion_empresas
TS-04266,administracion_empresas
TS-04267,administracion_empresas
TS-04268,administracion_empresas
TS-04269,administracion_empresas
TS-04270,administracion_empresas
TS-04271,administracion_empresas
TS-04272,administracion_empresas
TS-04273,administracion_empresas
TS-04274,administracion_empresas
TS-04275,administracion_empresas
TS-04276,administracion_empresas
TS-04277,administracion_empresas
TS-04278,administracion_empresas
TS-04279,administracion_empresas
TS-04280,administracion_empresas
TS-04281,administracion_empresas
TS-04282,administracion_empresas
TS-04283,administracion_empresas
TS-04284,administracion_empresas
TS-04285,administracion_empresas
TS-04286,administracion_empresas
TS-04287,administracion_empresas
TS-04288,administracion_empresas
TS-04289,administracion_empresas
TS-04290,administracion_empresas
TS-04291,administracion_empresas
TS-04292,administracion_empresas
TS-04293,administracion_empresas
TS-04294,administracion_empresas
TS-04295,administracion_empresas
TS-04296,administracion_empresas
TS-04297,administracion_empresas
TS-04298,administracion_empresas
TS-04299,administracion_empresas
TS-04300,administracion_empresas
TS-04301,administracion_empresas
TS-04302,administracion_empresas
TS-04303,administracion_empresas
TS-04304,administracion_empresas
TS-04305,administracion_empresas
TS-04306,administracion_empresas
TS-04307,administracion_empresas
TS-04308,administracion_empresas
TS-04309,administracion_empresas
TS-04310,administracion_empresas
TS-04311,administracion_empresas
TS-04312,administracion_empresas
TS-04313,administracion_empresas
TS-04314,administracion_empresas
TS-04315,administracion_empresas
TS-04316,administracion_empresas
TS-04317,administracion_empresas
TS-04318,administracion_empresas
TS-04319,administracion_empresas
TS-04320,administracion_empresas
TS-04321,administracion_empresas
TS-04322,administracion_empresas
TS-04323,administracion_empresas
TS-04324,administracion_empresas
TS-04325,administracion_empresas
TS-04326,administracion_empresas
TS-04327,administracion_empresas
TS-04328,administracion_empresas
TS-04329,administracion_empresas
TS-04330,administracion_empresas
TS-04331,administracion_empresas
TS-04332,administracion_empresas
TS-04333,administracion_empresas
TS-04334,administracion_empresas
TS-04335,administracion_empresas
TS-04336,administracion_empresas
TS-04337,administracion_empresas
TS-04338,administracion_empresas
TS-04339,administracion_empresas
TS-04340,administracion_empresas
TS-04341,administracion_empresas
TS-04342,administracion_empresas
TS-04343,administracion_empresas
TS-04344,administracion_empresas
TS-04345,administracion_empresas
TS-04346,administracion_empresas
TS-04347,administracion_empresas
TS-04348,administracion_empresas
TS-04349,administracion_empresas
TS-04350,administracion_empresas
TS-04351,administracion_empresas
TS-04352,administracion_empresas
TS-04353,administracion_empresas
TS-04354,administracion_empresas
TS-04355,administracion_empresas
TS-04356,administracion_empresas
TS-04357,administracion_empresas
TS-04358,administracion_empresas
TS-04359,administracion_empresas
TS-04360,administracion_empresas
TS-04361,administracion_empresas
TS-04362,administracion_empresas
TS-04363,administracion_empresas
TS-04364,administracion_empresas
TS-04365,administracion_empresas
TS-04366,administracion_empresas
TS-04367,administracion_empresas
TS-04368,administracion_empresas
TS-04369,administracion_empresas
TS-04370,administracion_empresas
TS-04371,administracion_empresas
TS-04372,administracion_empresas
TS-04373,administracion_empresas
TS-04374,administracion_empresas
TS-04375,administracion_empresas
TS-04376,administracion_empresas
TS-04377,administracion_empresas
TS-04378,administracion_empresas
TS-04379,administracion_empresas
TS-04380,administracion_empresas
TS-04381,administracion_empresas
TS-04382,administracion_empresas
TS-04383,administracion_empresas
TS-04384,administracion_empresas
TS-04385,administracion_empresas
TS-04386,administracion_empresas
TS-04387,administracion_empresas
TS-04388,administracion_empresas
TS-04389,administracion_empresas
TS-04390,administracion_empresas
TS-04391,administracion_empresas
TS-04392,administracion_empresas
TS-04393,administracion_empresas
TS-04394,administracion_empresas
TS-04395,administracion_empresas
TS-04396,administracion_empresas
TS-04397,administracion_empresas
TS-04398,administracion_empresas
TS-04399,administracion_empresas
TS-04400,administracion_empresas
TS-04401,administracion_empresas
TS-04402,administracion_empresas
TS-04403,administracion_empresas
TS-04404,administracion_empresas
TS-04405,administracion_empresas
TS-04406,administracion_empresas
TS-04407,administracion_empresas
TS-04408,administracion_empresas
TS-04409,administracion_empresas
TS-04410,administracion_empresas
TS-04411,administracion_empresas
TS-04412,administracion_empresas
TS-04413,administracion_empresas
TS-04414,administracion_empresas
TS-04415,administracion_empresas
TS-04416,administracion_empresas
TS-04417,administracion_empresas
TS-04418,administracion_empresas
TS-04419,administracion_empresas
TS-04420,administracion_empresas
TS-04421,administracion_empresas
TS-04422,administracion_empresas
TS-04423,administracion_empresas
TS-04424,administracion_empresas
TS-04425,administracion_empresas
TS-04426,administracion_empresas
TS-04427,administracion_empresas
TS-04428,administracion_empresas
TS-04429,administracion_empresas
TS-04430,administracion_empresas
TS-04431,administracion_empresas
TS-04432,administracion_empresas
TS-04433,administracion_empresas
TS-04434,administracion_empresas
TS-04435,administracion_empresas
TS-04436,administracion_empresas
TS-04437,administracion_empresas
TS-04438,administracion_empresas
TS-04439,administracion_empresas
TS-04440,administracion_empresas
TS-04441,administracion_empresas
TS-04442,administracion_empresas
TS-04443,administracion_empresas
TS-04444,administracion_empresas
TS-04445,administracion_empresas
TS-04446,administracion_empresas
TS-04447,administracion_empresas
TS-04448,administracion_empresas
TS-04449,administracion_empresas
TS-04450,administracion_empresas
TS-04451,administracion_empresas
TS-04452,administracion_empresas
TS-04453,administracion_empresas
TS-04454,administracion_empresas
TS-04455,administracion_empresas
TS-04456,administracion_empresas
TS-04457,administracion_empresas
TS-04458,administracion_empresas
TS-04459,administracion_empresas
TS-04460,administracion_empresas
TS-04461,administracion_empresas
TS-04462,administracion_empresas
TS-04463,administracion_empresas
TS-04464,administracion_empresas
TS-04465,administracion_empresas
TS-04466,administracion_empresas
TS-04467,administracion_empresas
TS-04468,administracion_empresas
TS-04469,administracion_empresas
TS-04470,administracion_empresas
TS-04471,administracion_empresas
TS-04472,administracion_empresas
TS-04473,administracion_empresas
TS-04474,administracion_empresas
TS-04475,administracion_empresas
TS-04476,administracion_empresas
TS-04477,administracion_empresas
TS-04478,administracion_empresas
TS-04479,administracion_empresas
TS-04480,administracion_empresas
TS-04481,administracion_empresas
TS-04482,administracion_empresas
TS-04483,administracion_empresas
TS-04484,administracion_empresas
TS-04485,administracion_empresas
TS-04486,administracion_empresas
TS-04487,administracion_empresas
TS-04488,administracion_empresas
TS-04489,administracion_empresas
TS-04490,administracion_empresas
TS-04491,administracion_empresas
TS-04492,administracion_empresas
TS-04493,administracion_empresas
TS-04494,administracion_empresas
TS-04495,administracion_empresas
TS-04496,administracion_empresas
TS-04497,administracion_empresas
TS-04498,administracion_empresas
TS-04499,administracion_empresas
TS-04500,administracion_empresas
TS-04501,administracion_empresas
TS-04502,administracion_empresas
TS-04503,administracion_empresas
TS-04504,administracion_empresas
TS-04505,administracion_empresas
TS-04506,administracion_empresas
TS-04507,administracion_empresas
TS-04508,administracion_empresas
TS-04509,administracion_empresas
TS-04510,administracion_empresas
TS-04511,administracion_empresas
TS-04512,administracion_empresas
TS-04513,administracion_empresas
TS-04514,administracion_empresas
TS-04515,administracion_empresas
TS-04516,administracion_empresas
TS-04517,administracion_empresas
TS-04518,administracion_empresas
TS-04519,administracion_empresas
TS-04520,administracion_empresas
TS-04521,administracion_empresas
TS-04522,administracion_empresas
TS-04523,administracion_empresas
TS-04524,administracion_empresas
TS-04525,administracion_empresas
TS-04526,administracion_empresas
TS-04527,administracion_empresas
TS-04528,administracion_empresas
TS-04529,administracion_empresas
TS-04530,administracion_empresas
TS-04531,administracion_empresas
TS-04532,administracion_empresas
TS-04533,administracion_empresas
TS-04534,administracion_empresas
TS-04535,administracion_empresas
TS-04536,administracion_empresas
TS-04537,administracion_empresas
TS-04538,administracion_empresas
TS-04539,administracion_empresas
TS-04540,administracion_empresas
TS-04541,administracion_empresas
TS-04542,administracion_empresas
TS-04543,administracion_empresas
TS-04544,administracion_empresas
TS-04545,administracion_empresas
TS-04546,administracion_empresas
TS-04547,administracion_empresas
TS-04548,administracion_empresas
TS-04549,administracion_empresas
TS-04550,administracion_empresas
TS-04551,administracion_empresas
TS-04552,administracion_empresas
TS-04553,administracion_empresas
TS-04554,administracion_empresas
TS-04555,administracion_empresas
TS-04556,administracion_empresas
TS-04557,administracion_empresas
TS-04558,administracion_empresas
TS-04559,administracion_empresas
TS-04560,administracion_empresas
TS-04561,administracion_empresas
TS-04562,administracion_empresas
TS-04563,administracion_empresas
TS-04564,administracion_empresas
TS-04565,administracion_empresas
TS-04566,administracion_empresas
TS-04567,administracion_empresas
TS-04568,administracion_empresas
TS-04569,administracion_empresas
TS-04570,administracion_empresas
TS-04571,administracion_empresas
TS-04572,administracion_empresas
TS-04573,administracion_empresas
TS-04574,administracion_empresas
TS-04575,administracion_empresas
TS-04576,administracion_empresas
TS-04577,administracion_empresas
TS-04578,administracion_empresas
TS-04579,administracion_empresas
TS-04580,administracion_empresas
TS-04581,administracion_empresas
TS-04582,administracion_empresas
TS-04583,administracion_empresas
TS-04584,administracion_empresas
TS-04585,administracion_empresas
TS-04586,administracion_empresas
TS-04587,administracion_empresas
TS-04588,administracion_empresas
TS-04589,administracion_empresas
TS-04590,administracion_empresas
TS-04591,administracion_empresas
TS-04592,administracion_empresas
TS-04593,administracion_empresas
TS-04594,administracion_empresas
TS-04595,administracion_empresas
TS-04596,administracion_empresas
TS-04597,administracion_empresas
TS-04598,administracion_empresas
TS-04599,administracion_empresas
TS-04600,administracion_empresas
TS-04601,administracion_empresas
TS-04602,administracion_empresas
TS-04603,administracion_empresas
TS-04604,administracion_empresas
TS-04605,administracion_empresas
TS-04606,administracion_empresas
TS-04607,administracion_empresas
TS-04608,administracion_empresas
TS-04609,administracion_empresas
TS-04610,administracion_empresas
TS-04611,administracion_empresas
TS-04612,administracion_empresas
TS-04613,administracion_empresas
TS-04614,administracion_empresas
TS-04615,administracion_empresas
TS-04616,administracion_empresas
TS-04617,administracion_empresas
TS-04618,administracion_empresas
TS-04619,administracion_empresas
TS-04620,administracion_empresas
TS-04621,administracion_empresas
TS-04622,administracion_empresas
TS-04623,administracion_empresas
TS-04624,administracion_empresas
TS-04625,administracion_empresas
TS-04626,administracion_empresas
TS-04627,administracion_empresas
TS-04628,administracion_empresas
TS-04629,administracion_empresas
TS-04630,administracion_empresas
TS-04631,administracion_empresas
TS-04632,administracion_empresas
TS-04633,administracion_empresas
TS-04634,administracion_empresas
TS-04635,administracion_empresas
TS-04636,administracion_empresas
TS-04637,administracion_empresas
TS-04638,administracion_empresas
TS-04639,administracion_empresas
TS-04640,administracion_empresas
TS-04641,administracion_empresas
TS-04642,administracion_empresas
TS-04643,administracion_empresas
TS-04644,administracion_empresas
TS-04645,administracion_empresas
TS-04646,administracion_empresas
TS-04647,administracion_empresas
TS-04648,administracion_empresas
TS-04649,administracion_empresas
TS-04650,administracion_empresas
TS-04651,administracion_empresas
TS-04652,administracion_empresas
TS-04653,administracion_empresas
TS-04654,administracion_empresas
TS-04655,administracion_empresas
TS-04656,administracion_empresas
TS-04657,administracion_empresas
TS-04658,administracion_empresas
TS-04659,administracion_empresas
TS-04660,administracion_empresas
TS-04661,administracion_empresas
TS-04662,administracion_empresas
TS-04663,administracion_empresas
TS-04664,administracion_empresas
TS-04665,administracion_empresas
TS-04666,administracion_empresas
TS-04667,administracion_empresas
TS-04668,administracion_empresas
TS-04669,administracion_empresas
TS-04670,administracion_empresas
TS-04671,administracion_empresas
TS-04672,administracion_empresas
TS-04673,administracion_empresas
TS-04674,administracion_empresas
TS-04675,administracion_empresas
TS-04676,administracion_empresas
TS-04677,administracion_empresas
TS-04678,administracion_empresas
TS-04679,administracion_empresas
TS-04680,administracion_empresas
TS-04681,administracion_empresas
TS-04682,administracion_empresas
TS-04683,administracion_empresas
TS-04684,administracion_empresas
TS-04685,administracion_empresas
TS-04686,administracion_empresas
TS-04687,administracion_empresas
TS-04688,administracion_empresas
TS-04689,administracion_empresas
TS-04690,administracion_empresas
TS-04691,administracion_empresas
TS-04692,administracion_empresas
TS-04693,administracion_empresas
TS-04694,administracion_empresas
TS-04695,administracion_empresas
TS-04696,administracion_empresas
TS-04697,administracion_empresas
TS-04698,administracion_empresas
TS-04699,administracion_empresas
TS-04700,administracion_empresas
TS-04701,administracion_empresas
TS-04702,administracion_empresas
TS-04703,administracion_empresas
TS-04704,administracion_empresas
TS-04705,administracion_empresas
TS-04706,administracion_empresas
TS-04707,administracion_empresas
TS-04708,administracion_empresas
TS-04709,administracion_empresas
TS-04710,administracion_empresas
TS-04711,administracion_empresas
TS-04712,administracion_empresas
TS-04713,administracion_empresas
TS-04714,administracion_empresas
TS-04715,administracion_empresas
TS-04716,administracion_empresas
TS-04717,administracion_empresas
TS-04718,administracion_empresas
TS-04719,administracion_empresas
TS-04720,administracion_empresas
TS-04721,administracion_empresas
TS-04722,administracion_empresas
TS-04723,administracion_empresas
TS-04724,administracion_empresas
TS-04725,administracion_empresas
TS-04726,administracion_empresas
TS-04727,administracion_empresas
TS-04728,administracion_empresas
TS-04729,administracion_empresas
TS-04730,administracion_empresas
TS-04731,administracion_empresas
TS-04732,administracion_empresas
TS-04733,administracion_empresas
TS-04734,administracion_empresas
TS-04735,administracion_empresas
TS-04736,administracion_empresas
TS-04737,administracion_empresas
TS-04738,administracion_empresas
TS-04739,administracion_empresas
TS-04740,administracion_empresas
TS-04741,administracion_empresas
TS-04742,administracion_empresas
TS-04743,administracion_empresas
TS-04744,administracion_empresas
TS-04745,administracion_empresas
TS-04746,administracion_empresas
TS-04747,administracion_empresas
TS-04748,administracion_empresas
TS-04749,administracion_empresas
TS-04750,administracion_empresas
TS-04751,administracion_empresas
TS-04752,administracion_empresas
TS-04753,administracion_empresas
TS-04754,administracion_empresas
TS-04755,administracion_empresas
TS-04756,administracion_empresas
TS-04757,administracion_empresas
TS-04758,administracion_empresas
TS-04759,administracion_empresas
TS-04760,administracion_empresas
TS-04761,administracion_empresas
TS-04762,administracion_empresas
TS-04763,administracion_empresas
TS-04764,administracion_empresas
TS-04765,administracion_empresas
TS-04766,administracion_empresas
TS-04767,administracion_empresas
TS-04768,administracion_empresas
TS-04769,administracion_empresas
TS-04770,administracion_empresas
TS-04771,administracion_empresas
TS-04772,administracion_empresas
TS-04773,administracion_empresas
TS-04774,administracion_empresas
TS-04775,administracion_empresas
TS-04776,administracion_empresas
TS-04777,administracion_empresas
TS-04778,administracion_empresas
TS-04779,administracion_empresas
TS-04780,administracion_empresas
TS-04781,administracion_empresas
TS-04782,administracion_empresas
TS-04783,administracion_empresas
TS-04784,administracion_empresas
TS-04785,administracion_empresas
TS-04786,administracion_empresas
TS-04787,administracion_empresas
TS-04788,administracion_empresas
TS-04789,administracion_empresas
TS-04790,administracion_empresas
TS-04791,administracion_empresas
TS-04792,administracion_empresas
TS-04793,administracion_empresas
TS-04794,administracion_empresas
TS-04795,administracion_empresas
TS-04796,administracion_empresas
TS-04797,administracion_empresas
TS-04798,administracion_empresas
TS-04799,administracion_empresas
TS-04800,administracion_empresas
TS-04801,administracion_empresas
TS-04802,administracion_empresas
TS-04803,administracion_empresas
TS-04804,administracion_empresas
TS-04805,administracion_empresas
TS-04806,administracion_empresas
TS-04807,administracion_empresas
TS-04808,administracion_empresas
TS-04809,administracion_empresas
TS-04810,administracion_empresas
TS-04811,administracion_empresas
TS-04812,administracion_empresas
TS-04813,administracion_empresas
TS-04814,administracion_empresas
TS-04815,administracion_empresas
TS-04816,administracion_empresas
TS-04817,administracion_empresas
TS-04818,administracion_empresas
TS-04819,administracion_empresas
TS-04820,administracion_empresas
TS-04821,administracion_empresas
TS-04822,administracion_empresas
TS-04823,administracion_empresas
TS-04824,administracion_empresas
TS-04825,administracion_empresas
TS-04826,administracion_empresas
TS-04827,administracion_empresas
TS-04828,administracion_empresas
TS-04829,administracion_empresas
TS-04830,administracion_empresas
TS-04831,administracion_empresas
TS-04832,administracion_empresas
TS-04833,administracion_empresas
TS-04834,administracion_empresas
TS-04835,administracion_empresas
TS-04836,administracion_empresas
TS-04837,administracion_empresas
TS-04838,administracion_empresas
TS-04839,administracion_empresas
TS-04840,administracion_empresas
TS-04841,administracion_empresas
TS-04842,administracion_empresas
TS-04843,administracion_empresas
TS-04844,administracion_empresas
TS-04845,administracion_empresas
TS-04846,administracion_empresas
TS-04847,administracion_empresas
TS-04848,administracion_empresas
TS-04849,administracion_empresas
TS-04850,administracion_empresas
TS-04851,administracion_empresas
TS-04852,administracion_empresas
TS-04853,administracion_empresas
TS-04854,administracion_empresas
TS-04855,administracion_empresas
TS-04856,administracion_empresas
TS-04857,administracion_empresas
TS-04858,administracion_empresas
TS-04859,administracion_empresas
TS-04860,administracion_empresas
TS-04861,administracion_empresas
TS-04862,administracion_empresas
TS-04863,administracion_empresas
TS-04864,administracion_empresas
TS-04865,administracion_empresas
TS-04866,administracion_empresas
TS-04867,administracion_empresas
TS-04868,administracion_empresas
TS-04869,administracion_empresas
TS-04870,administracion_empresas
TS-04871,administracion_empresas
TS-04872,administracion_empresas
TS-04873,administracion_empresas
TS-04874,administracion_empresas
TS-04875,administracion_empresas
TS-04876,administracion_empresas
TS-04877,administracion_empresas
TS-04878,administracion_empresas
TS-04879,administracion_empresas
TS-04880,administracion_empresas
TS-04881,administracion_empresas
TS-04882,administracion_empresas
TS-04883,administracion_empresas
TS-04884,administracion_empresas
TS-04885,administracion_empresas
TS-04886,administracion_empresas
TS-04887,administracion_empresas
TS-04888,administracion_empresas
TS-04889,administracion_empresas
TS-04890,administracion_empresas
TS-04891,administracion_empresas
TS-04892,administracion_empresas
TS-04893,administracion_empresas
TS-04894,administracion_empresas
TS-04895,administracion_empresas
TS-04896,administracion_empresas
TS-04897,administracion_empresas
TS-04898,administracion_empresas
TS-04899,administracion_empresas
TS-04900,administracion_empresas
TS-04901,administracion_empresas
TS-04902,administracion_empresas
TS-04903,administracion_empresas
TS-04904,administracion_empresas
TS-04905,administracion_empresas
TS-04906,administracion_empresas
TS-04907,administracion_empresas
TS-04908,administracion_empresas
TS-04909,administracion_empresas
TS-04910,administracion_empresas
TS-04911,administracion_empresas
TS-04912,administracion_empresas
TS-04913,administracion_empresas
TS-04914,administracion_empresas
TS-04915,administracion_empresas
TS-04916,administracion_empresas
TS-04917,administracion_empresas
TS-04918,administracion_empresas
TS-04919,administracion_empresas
TS-04920,administracion_empresas
TS-04921,administracion_empresas
TS-04922,administracion_empresas
TS-04923,administracion_empresas
TS-04924,administracion_empresas
TS-04925,administracion_empresas
TS-04926,administracion_empresas
TS-04927,administracion_empresas
TS-04928,administracion_empresas
TS-04929,administracion_empresas
TS-04930,administracion_empresas
TS-04931,administracion_empresas
TS-04932,administracion_empresas
TS-04933,administracion_empresas
TS-04934,administracion_empresas
TS-04935,administracion_empresas
TS-04936,administracion_empresas
TS-04937,administracion_empresas
