id,facultad
TS-00001,medicina
TS-00002,medicina
TS-00003,derecho
TS-00004,administracion_empresas
TS-00005,gobierno
TS-00006,administracion_empresas
TS-00007,medicina
TS-00008,administracion_empresas
TS-00009,medicina
TS-00010,gobierno
TS-00011,gobierno
TS-00012,gobierno
TS-00013,gobierno
TS-00014,medicina
TS-00015,administracion_empresas
TS-00016,medicina
TS-00017,administracion_empresas
TS-00018,medicina
TS-00019,derecho
TS-00020,medicina
TS-00021,economia
TS-00022,administracion_empresas
TS-00023,administracion_empresas
TS-00024,administracion_empresas
TS-00025,medicina
TS-00026,medicina
TS-00027,administracion_empresas
TS-00028,gobierno
TS-00029,administracion_empresas
TS-00030,derecho
TS-00031,medicina
TS-00032,medicina
TS-00033,administracion_empresas
TS-00034,administracion_empresas
TS-00035,gobierno
TS-00036,administracion_empresas
TS-00037,medicina
TS-00038,administracion_empresas
TS-00039,derecho
TS-00040,administracion_empresas
TS-00041,medicina
TS-00042,administracion_empresas
TS-00043,administracion_empresas
TS-00044,gobierno
TS-00045,gobierno
TS-00046,gobierno
TS-00047,gobierno
TS-00048,gobierno
TS-00049,administracion_empresas
TS-00050,administracion_empresas
TS-00051,medicina
TS-00052,administracion_empresas
TS-00053,medicina
TS-00054,administracion_empresas
TS-00055,administracion_empresas
TS-00056,derecho
TS-00057,administracion_empresas
TS-00058,medicina
TS-00059,economia
TS-00060,medicina
TS-00061,gobierno
TS-00062,gobierno
TS-00063,administracion_empresas
TS-00064,gobierno
TS-00065,derecho
TS-00066,derecho
TS-00067,administracion_empresas
TS-00068,gobierno
TS-00069,administracion_empresas
TS-00070,medicina
TS-00071,medicina
TS-00072,medicina
TS-00073,economia
TS-00074,medicina
TS-00075,economia
TS-00076,derecho
TS-00077,administracion_empresas
TS-00078,derecho
TS-00079,administracion_empresas
TS-00080,gobierno
TS-00081,gobierno
TS-00082,medicina
TS-00083,medicina
TS-00084,gobierno
TS-00085,administracion_empresas
TS-00086,administracion_empresas
TS-00087,gobierno
TS-00088,administracion_empresas
TS-00089,administracion_empresas
TS-00090,gobierno
TS-00091,gobierno
TS-00092,administracion_empresas
TS-00093,medicina
TS-00094,administracion_empresas
TS-00095,medicina
TS-00096,medicina
TS-00097,administracion_empresas
TS-00098,medicina
TS-00099,gobierno
TS-00100,administracion_empresas
TS-00101,gobierno
TS-00102,administracion_empresas
TS-00103,administracion_empresas
TS-00104,medicina
TS-00105,medicina
TS-00106,administracion_empresas
TS-00107,medicina
TS-00108,administracion_empresas
TS-00109,derecho
TS-00110,medicina
TS-00111,medicina
TS-00112,economia
TS-00113,medicina
TS-00114,administracion_empresas
TS-00115,derecho
TS-00116,gobierno
TS-00117,derecho
TS-00118,medicina
TS-00119,derecho
TS-00120,medicina
TS-00121,administracion_empresas
TS-00122,administracion_empresas
TS-00123,derecho
TS-00124,medicina
TS-00125,economia
TS-00126,administracion_empresas
TS-00127,administracion_empresas
TS-00128,derecho
TS-00129,medicina
TS-00130,derecho
TS-00131,administracion_empresas
TS-00132,medicina
TS-00133,administracion_empresas
TS-00134,medicina
TS-00135,medicina
TS-00136,administracion_empresas
TS-00137,administracion_empresas
TS-00138,medicina
TS-00139,gobierno
TS-00140,administracion_empresas
TS-00141,gobierno
TS-00142,medicina
TS-00143,gobierno
TS-00144,economia
TS-00145,medicina
TS-00146,medicina
TS-00147,gobierno
TS-00148,administracion_empresas
TS-00149,medicina
TS-00150,medicina
TS-00151,medicina
TS-00152,administracion_empresas
TS-00153,medicina
TS-00154,administracion_empresas
TS-00155,gobierno
TS-00156,administracion_empresas
TS-00157,medicina
TS-00158,administracion_empresas
TS-00159,medicina
TS-00160,administracion_empresas
TS-00161,gobierno
TS-00162,gobierno
TS-00163,medicina
TS-00164,medicina
TS-00165,administracion_empresas
TS-00166,administracion_empresas
TS-00167,administracion_empresas
TS-00168,economia
TS-00169,medicina
TS-00170,gobierno
TS-00171,medicina
TS-00172,derecho
TS-00173,medicina
TS-00174,administracion_empresas
TS-00175,economia
TS-00176,administracion_empresas
TS-00177,derecho
TS-00178,derecho
TS-00179,medicina
TS-00180,administracion_empresas
TS-00181,administracion_empresas
TS-00182,gobierno
TS-00183,administracion_empresas
TS-00184,gobierno
TS-00185,administracion_empresas
TS-00186,gobierno
TS-00187,medicina
TS-00188,administracion_empresas
TS-00189,administracion_empresas
TS-00190,medicina
TS-00191,derecho
TS-00192,derecho
TS-00193,gobierno
TS-00194,medicina
TS-00195,derecho
TS-00196,medicina
TS-00197,administracion_empresas
TS-00198,gobierno
TS-00199,derecho
TS-00200,administracion_empresas
TS-00201,administracion_empresas
TS-00202,medicina
TS-00203,administracion_empresas
TS-00204,derecho
TS-00205,gobierno
TS-00206,administracion_empresas
TS-00207,medicina
TS-00208,gobierno
TS-00209,derecho
TS-00210,medicina
TS-00211,medicina
TS-00212,administracion_empresas
TS-00213,medicina
TS-00214,gobierno
TS-00215,administracion_empresas
TS-00216,gobierno
TS-00217,gobierno
TS-00218,administracion_empresas
TS-00219,medicina
TS-00220,administracion_empresas
TS-00221,gobierno
TS-00222,medicina
TS-00223,medicina
TS-00224,medicina
TS-00225,administracion_empresas
TS-00226,derecho
TS-00227,medicina
TS-00228,gobierno
TS-00229,derecho
TS-00230,medicina
TS-00231,gobierno
TS-00232,administracion_empresas
TS-00233,administracion_empresas
TS-00234,medicina
TS-00235,administracion_empresas
TS-00236,medicina
TS-00237,gobierno
TS-00238,administracion_empresas
TS-00239,gobierno
TS-00240,administracion_empresas
TS-00241,derecho
TS-00242,gobierno
TS-00243,administracion_empresas
TS-00244,gobierno
TS-00245,gobierno
TS-00246,administracion_empresas
TS-00247,administracion_empresas
TS-00248,gobierno
TS-00249,medicina
TS-00250,administracion_empresas
TS-00251,administracion_empresas
TS-00252,medicina
TS-00253,medicina
TS-00254,administracion_empresas
TS-00255,gobierno
TS-00256,administracion_empresas
TS-00257,gobierno
TS-00258,derecho
TS-00259,administracion_empresas
TS-00260,economia
TS-00261,gobierno
TS-00262,administracion_empresas
TS-00263,derecho
TS-00264,administracion_empresas
TS-00265,administracion_empresas
TS-00266,administracion_empresas
TS-00267,gobierno
TS-00268,gobierno
TS-00269,gobierno
TS-00270,medicina
TS-00271,economia
TS-00272,gobierno
TS-00273,medicina
TS-00274,gobierno
TS-00275,administracion_empresas
TS-00276,economia
TS-00277,derecho
TS-00278,medicina
TS-00279,medicina
TS-00280,gobierno
TS-00281,economia
TS-00282,medicina
TS-00283,derecho
TS-00284,administracion_empresas
TS-00285,administracion_empresas
TS-00286,medicina
TS-00287,medicina
TS-00288,derecho
TS-00289,derecho
TS-00290,administracion_empresas
TS-00291,gobierno
TS-00292,gobierno
TS-00293,administracion_empresas
TS-00294,medicina
TS-00295,medicina
TS-00296,administracion_empresas
TS-00297,gobierno
TS-00298,medicina
TS-00299,administracion_empresas
TS-00300,medicina
TS-00301,administracion_empresas
TS-00302,economia
TS-00303,derecho
TS-00304,administracion_empresas
TS-00305,administracion_empresas
TS-00306,medicina
TS-00307,gobierno
TS-00308,administracion_empresas
TS-00309,administracion_empresas
TS-00310,derecho
TS-00311,administracion_empresas
TS-00312,derecho
TS-00313,medicina
TS-00314,administracion_empresas
TS-00315,economia
TS-00316,medicina
TS-00317,medicina
TS-00318,administracion_empresas
TS-00319,gobierno
TS-00320,medicina
TS-00321,medicina
TS-00322,administracion_empresas
TS-00323,gobierno
TS-00324,gobierno
TS-00325,administracion_empresas
TS-00326,derecho
TS-00327,derecho
TS-00328,medicina
TS-00329,medicina
TS-00330,administracion_empresas
TS-00331,gobierno
TS-00332,medicina
TS-00333,medicina
TS-00334,derecho
TS-00335,medicina
TS-00336,administracion_empresas
TS-00337,gobierno
TS-00338,medicina
TS-00339,administracion_empresas
TS-00340,medicina
TS-00341,administracion_empresas
TS-00342,medicina
TS-00343,medicina
TS-00344,gobierno
TS-00345,medicina
TS-00346,derecho
TS-00347,medicina
TS-00348,administracion_empresas
TS-00349,administracion_empresas
TS-00350,derecho
TS-00351,medicina
TS-00352,administracion_empresas
TS-00353,administracion_empresas
TS-00354,administracion_empresas
TS-00355,gobierno
TS-00356,medicina
TS-00357,medicina
TS-00358,medicina
TS-00359,administracion_empresas
TS-00360,derecho
TS-00361,administracion_empresas
TS-00362,medicina
TS-00363,administracion_empresas
TS-00364,gobierno
TS-00365,medicina
TS-00366,medicina
TS-00367,medicina
TS-00368,administracion_empresas
TS-00369,medicina
TS-00370,administracion_empresas
TS-00371,gobierno
TS-00372,administracion_empresas
TS-00373,administracion_empresas
TS-00374,medicina
TS-00375,gobierno
TS-00376,administracion_empresas
TS-00377,administracion_empresas
TS-00378,administracion_empresas
TS-00379,administracion_empresas
TS-00380,gobierno
TS-00381,administracion_empresas
TS-00382,gobierno
TS-00383,administracion_empresas
TS-00384,derecho
TS-00385,gobierno
TS-00386,medicina
TS-00387,gobierno
TS-00388,medicina
TS-00389,medicina
TS-00390,derecho
TS-00391,administracion_empresas
TS-00392,administracion_empresas
TS-00393,administracion_empresas
TS-00394,medicina
TS-00395,derecho
TS-00396,gobierno
TS-00397,medicina
TS-00398,medicina
TS-00399,administracion_empresas
TS-00400,medicina
TS-00401,gobierno
TS-00402,administracion_empresas
TS-00403,administracion_empresas
TS-00404,medicina
TS-00405,economia
TS-00406,administracion_empresas
TS-00407,gobierno
TS-00408,administracion_empresas
TS-00409,medicina
TS-00410,derecho
TS-00411,medicina
TS-00412,gobierno
TS-00413,gobierno
TS-00414,administracion_empresas
TS-00415,derecho
TS-00416,gobierno
TS-00417,gobierno
TS-00418,derecho
TS-00419,derecho
TS-00420,derecho
TS-00421,administracion_empresas
TS-00422,administracion_empresas
TS-00423,gobierno
TS-00424,administracion_empresas
TS-00425,gobierno
TS-00426,medicina
TS-00427,administracion_empresas
TS-00428,administracion_empresas
TS-00429,medicina
TS-00430,gobierno
TS-00431,administracion_empresas
TS-00432,economia
TS-00433,administracion_empresas
TS-00434,gobierno
TS-00435,medicina
TS-00436,medicina
TS-00437,medicina
TS-00438,medicina
TS-00439,gobierno
TS-00440,gobierno
TS-00441,derecho
TS-00442,medicina
TS-00443,medicina
TS-00444,medicina
TS-00445,administracion_empresas
TS-00446,medicina
TS-00447,administracion_empresas
TS-00448,derecho
TS-00449,gobierno
TS-00450,gobierno
TS-00451,gobierno
TS-00452,gobierno
TS-00453,derecho
TS-00454,administracion_empresas
TS-00455,gobierno
TS-00456,medicina
TS-00457,gobierno
TS-00458,administracion_empresas
TS-00459,medicina
TS-00460,medicina
TS-00461,administracion_empresas
TS-00462,gobierno
TS-00463,gobierno
TS-00464,gobierno
TS-00465,administracion_empresas
TS-00466,gobierno
TS-00467,gobierno
TS-00468,medicina
TS-00469,economia
TS-00470,gobierno
TS-00471,gobierno
TS-00472,medicina
TS-00473,medicina
TS-00474,economia
TS-00475,gobierno
TS-00476,gobierno
TS-00477,gobierno
TS-00478,economia
TS-00479,medicina
TS-00480,medicina
TS-00481,gobierno
TS-00482,medicina
TS-00483,administracion_empresas
TS-00484,administracion_empresas
TS-00485,derecho
TS-00486,medicina
TS-00487,medicina
TS-00488,gobierno
TS-00489,gobierno
TS-00490,medicina
TS-00491,gobierno
TS-00492,medicina
TS-00493,administracion_empresas
TS-00494,derecho
TS-00495,medicina
TS-00496,administracion_empresas
TS-00497,derecho
TS-00498,medicina
TS-00499,administracion_empresas
TS-00500,administracion_empresas
TS-00501,medicina
TS-00502,medicina
TS-00503,administracion_empresas
TS-00504,medicina
TS-00505,administracion_empresas
TS-00506,gobierno
TS-00507,medicina
TS-00508,gobierno
TS-00509,derecho
TS-00510,derecho
TS-00511,derecho
TS-00512,derecho
TS-00513,medicina
TS-00514,medicina
TS-00515,gobierno
TS-00516,economia
TS-00517,administracion_empresas
TS-00518,medicina
TS-00519,medicina
TS-00520,administracion_empresas
TS-00521,gobierno
TS-00522,medicina
TS-00523,medicina
TS-00524,economia
TS-00525,economia
TS-00526,administracion_empresas
TS-00527,administracion_empresas
TS-00528,derecho
TS-00529,gobierno
TS-00530,administracion_empresas
TS-00531,gobierno
TS-00532,gobierno
TS-00533,derecho
TS-00534,administracion_empresas
TS-00535,medicina
TS-00536,administracion_empresas
TS-00537,medicina
TS-00538,administracion_empresas
TS-00539,administracion_empresas
TS-00540,gobierno
TS-00541,gobierno
TS-00542,medicina
TS-00543,medicina
TS-00544,medicina
TS-00545,medicina
TS-00546,economia
TS-00547,derecho
TS-00548,medicina
TS-00549,medicina
TS-00550,gobierno
TS-00551,medicina
TS-00552,medicina
TS-00553,medicina
TS-00554,medicina
TS-00555,economia
TS-00556,economia
TS-00557,administracion_empresas
TS-00558,gobierno
TS-00559,administracion_empresas
TS-00560,gobierno
TS-00561,administracion_empresas
TS-00562,administracion_empresas
TS-00563,gobierno
TS-00564,derecho
TS-00565,gobierno
TS-00566,gobierno
TS-00567,administracion_empresas
TS-00568,medicina
TS-00569,medicina
TS-00570,derecho
TS-00571,gobierno
TS-00572,medicina
TS-00573,medicina
TS-00574,medicina
TS-00575,gobierno
TS-00576,medicina
TS-00577,medicina
TS-00578,medicina
TS-00579,medicina
TS-00580,gobierno
TS-00581,administracion_empresas
TS-00582,economia
TS-00583,administracion_empresas
TS-00584,medicina
TS-00585,administracion_empresas
TS-00586,administracion_empresas
TS-00587,medicina
TS-00588,gobierno
TS-00589,administracion_empresas
TS-00590,medicina
TS-00591,administracion_empresas
TS-00592,medicina
TS-00593,medicina
TS-00594,medicina
TS-00595,medicina
TS-00596,administracion_empresas
TS-00597,administracion_empresas
TS-00598,gobierno
TS-00599,administracion_empresas
TS-00600,administracion_empresas
TS-00601,administracion_empresas
TS-00602,administracion_empresas
TS-00603,derecho
TS-00604,gobierno
TS-00605,gobierno
TS-00606,derecho
TS-00607,gobierno
TS-00608,medicina
TS-00609,derecho
TS-00610,administracion_empresas
TS-00611,medicina
TS-00612,medicina
TS-00613,medicina
TS-00614,administracion_empresas
TS-00615,administracion_empresas
TS-00616,administracion_empresas
TS-00617,administracion_empresas
TS-00618,administracion_empresas
TS-00619,economia
TS-00620,medicina
TS-00621,administracion_empresas
TS-00622,administracion_empresas
TS-00623,gobierno
TS-00624,gobierno
TS-00625,derecho
TS-00626,gobierno
TS-00627,gobierno
TS-00628,gobierno
TS-00629,gobierno
TS-00630,medicina
TS-00631,gobierno
TS-00632,medicina
TS-00633,medicina
TS-00634,administracion_empresas
TS-00635,gobierno
TS-00636,economia
TS-00637,medicina
TS-00638,medicina
TS-00639,administracion_empresas
TS-00640,gobierno
TS-00641,administracion_empresas
TS-00642,medicina
TS-00643,gobierno
TS-00644,administracion_empresas
TS-00645,gobierno
TS-00646,medicina
TS-00647,administracion_empresas
TS-00648,administracion_empresas
TS-00649,economia
TS-00650,medicina
TS-00651,medicina
TS-00652,administracion_empresas
TS-00653,medicina
TS-00654,administracion_empresas
TS-00655,derecho
TS-00656,medicina
TS-00657,administracion_empresas
TS-00658,medicina
TS-00659,derecho
TS-00660,medicina
TS-00661,gobierno
TS-00662,gobierno
TS-00663,administracion_empresas
TS-00664,administracion_empresas
TS-00665,gobierno
TS-00666,gobierno
TS-00667,administracion_empresas
TS-00668,gobierno
TS-00669,derecho
TS-00670,medicina
TS-00671,medicina
TS-00672,derecho
TS-00673,derecho
TS-00674,administracion_empresas
TS-00675,administracion_empresas
TS-00676,administracion_empresas
TS-00677,administracion_empresas
TS-00678,medicina
TS-00679,economia
TS-00680,derecho
TS-00681,medicina
TS-00682,administracion_empresas
TS-00683,gobierno
TS-00684,gobierno
TS-00685,medicina
TS-00686,administracion_empresas
TS-00687,administracion_empresas
TS-00688,economia
TS-00689,derecho
TS-00690,medicina
TS-00691,gobierno
TS-00692,administracion_empresas
TS-00693,derecho
TS-00694,medicina
TS-00695,administracion_empresas
TS-00696,medicina
TS-00697,administracion_empresas
TS-00698,gobierno
TS-00699,medicina
TS-00700,gobierno
TS-00701,administracion_empresas
TS-00702,derecho
TS-00703,administracion_empresas
TS-00704,gobierno
TS-00705,administracion_empresas
TS-00706,medicina
TS-00707,administracion_empresas
TS-00708,gobierno
TS-00709,gobierno
TS-00710,gobierno
TS-00711,gobierno
TS-00712,gobierno
TS-00713,medicina
TS-00714,medicina
TS-00715,medicina
TS-00716,administracion_empresas
TS-00717,gobierno
TS-00718,medicina
TS-00719,administracion_empresas
TS-00720,economia
TS-00721,administracion_empresas
TS-00722,gobierno
TS-00723,derecho
TS-00724,gobierno
TS-00725,gobierno
TS-00726,administracion_empresas
TS-00727,derecho
TS-00728,medicina
TS-00729,medicina
TS-00730,gobierno
TS-00731,derecho
TS-00732,administracion_empresas
TS-00733,medicina
TS-00734,administracion_empresas
TS-00735,medicina
TS-00736,derecho
TS-00737,medicina
TS-00738,medicina
TS-00739,derecho
TS-00740,administracion_empresas
TS-00741,administracion_empresas
TS-00742,economia
TS-00743,administracion_empresas
TS-00744,gobierno
TS-00745,administracion_empresas
TS-00746,medicina
TS-00747,medicina
TS-00748,administracion_empresas
TS-00749,gobierno
TS-00750,medicina
TS-00751,derecho
TS-00752,gobierno
TS-00753,administracion_empresas
TS-00754,administracion_empresas
TS-00755,medicina
TS-00756,medicina
TS-00757,gobierno
TS-00758,gobierno
TS-00759,administracion_empresas
TS-00760,administracion_empresas
TS-00761,gobierno
TS-00762,administracion_empresas
TS-00763,medicina
TS-00764,medicina
TS-00765,administracion_empresas
TS-00766,administracion_empresas
TS-00767,administracion_empresas
TS-00768,gobierno
TS-00769,administracion_empresas
TS-00770,derecho
TS-00771,administracion_empresas
TS-00772,administracion_empresas
TS-00773,derecho
TS-00774,economia
TS-00775,gobierno
TS-00776,gobierno
TS-00777,medicina
TS-00778,medicina
TS-00779,gobierno
TS-00780,medicina
TS-00781,economia
TS-00782,administracion_empresas
TS-00783,medicina
TS-00784,gobierno
TS-00785,gobierno
TS-00786,administracion_empresas
TS-00787,gobierno
TS-00788,gobierno
TS-00789,administracion_empresas
TS-00790,derecho
TS-00791,administracion_empresas
TS-00792,gobierno
TS-00793,administracion_empresas
TS-00794,medicina
TS-00795,administracion_empresas
TS-00796,medicina
TS-00797,gobierno
TS-00798,administracion_empresas
TS-00799,administracion_empresas
TS-00800,administracion_empresas
TS-00801,derecho
TS-00802,derecho
TS-00803,medicina
TS-00804,derecho
TS-00805,medicina
TS-00806,economia
TS-00807,administracion_empresas
TS-00808,administracion_empresas
TS-00809,gobierno
TS-00810,medicina
TS-00811,medicina
TS-00812,gobierno
TS-00813,administracion_empresas
TS-00814,derecho
TS-00815,administracion_empresas
TS-00816,derecho
TS-00817,medicina
TS-00818,gobierno
TS-00819,gobierno
TS-00820,medicina
TS-00821,gobierno
TS-00822,administracion_empresas
TS-00823,medicina
TS-00824,medicina
TS-00825,administracion_empresas
TS-00826,medicina
TS-00827,medicina
TS-00828,medicina
TS-00829,gobierno
TS-00830,administracion_empresas
TS-00831,administracion_empresas
TS-00832,medicina
TS-00833,administracion_empresas
TS-00834,administracion_empresas
TS-00835,administracion_empresas
TS-00836,medicina
TS-00837,administracion_empresas
TS-00838,administracion_empresas
TS-00839,derecho
TS-00840,gobierno
TS-00841,administracion_empresas
TS-00842,economia
TS-00843,gobierno
TS-00844,gobierno
TS-00845,gobierno
TS-00846,administracion_empresas
TS-00847,administracion_empresas
TS-00848,administracion_empresas
TS-00849,medicina
TS-00850,derecho
TS-00851,administracion_empresas
TS-00852,administracion_empresas
TS-00853,administracion_empresas
TS-00854,medicina
TS-00855,medicina
TS-00856,economia
TS-00857,medicina
TS-00858,gobierno
TS-00859,medicina
TS-00860,administracion_empresas
TS-00861,medicina
TS-00862,economia
TS-00863,economia
TS-00864,economia
TS-00865,administracion_empresas
TS-00866,medicina
TS-00867,administracion_empresas
TS-00868,administracion_empresas
TS-00869,gobierno
TS-00870,medicina
TS-00871,derecho
TS-00872,administracion_empresas
TS-00873,administracion_empresas
TS-00874,gobierno
TS-00875,administracion_empresas
TS-00876,administracion_empresas
TS-00877,gobierno
TS-00878,gobierno
TS-00879,medicina
TS-00880,gobierno
TS-00881,administracion_empresas
TS-00882,derecho
TS-00883,administracion_empresas
TS-00884,medicina
TS-00885,medicina
TS-00886,economia
TS-00887,administracion_empresas
TS-00888,gobierno
TS-00889,administracion_empresas
TS-00890,medicina
TS-00891,derecho
TS-00892,medicina
TS-00893,administracion_empresas
TS-00894,administracion_empresas
TS-00895,administracion_empresas
TS-00896,administracion_empresas
TS-00897,medicina
TS-00898,gobierno
TS-00899,medicina
TS-00900,economia
TS-00901,medicina
TS-00902,medicina
TS-00903,administracion_empresas
TS-00904,derecho
TS-00905,economia
TS-00906,administracion_empresas
TS-00907,administracion_empresas
TS-00908,medicina
TS-00909,gobierno
TS-00910,gobierno
TS-00911,gobierno
TS-00912,medicina
TS-00913,administracion_empresas
TS-00914,economia
TS-00915,gobierno
TS-00916,medicina
TS-00917,administracion_empresas
TS-00918,medicina
TS-00919,medicina
TS-00920,administracion_empresas
TS-00921,administracion_empresas
TS-00922,economia
TS-00923,medicina
TS-00924,medicina
TS-00925,medicina
TS-00926,administracion_empresas
TS-00927,medicina
TS-00928,administracion_empresas
TS-00929,medicina
TS-00930,administracion_empresas
TS-00931,medicina
TS-00932,derecho
TS-00933,medicina
TS-00934,gobierno
TS-00935,medicina
TS-00936,derecho
TS-00937,gobierno
TS-00938,derecho
TS-00939,medicina
TS-00940,gobierno
TS-00941,medicina
TS-00942,administracion_empresas
TS-00943,economia
TS-00944,administracion_empresas
TS-00945,administracion_empresas
TS-00946,medicina
TS-00947,derecho
TS-00948,administracion_empresas
TS-00949,administracion_empresas
TS-00950,derecho
TS-00951,administracion_empresas
TS-00952,medicina
TS-00953,administracion_empresas
TS-00954,administracion_empresas
TS-00955,administracion_empresas
TS-00956,economia
TS-00957,administracion_empresas
TS-00958,administracion_empresas
TS-00959,administracion_empresas
TS-00960,medicina
TS-00961,administracion_empresas
TS-00962,derecho
TS-00963,derecho
TS-00964,gobierno
TS-00965,derecho
TS-00966,medicina
TS-00967,medicina
TS-00968,derecho
TS-00969,gobierno
TS-00970,gobierno
TS-00971,medicina
TS-00972,medicina
TS-00973,derecho
TS-00974,medicina
TS-00975,gobierno
TS-00976,derecho
TS-00977,administracion_empresas
TS-00978,derecho
TS-00979,gobierno
TS-00980,derecho
TS-00981,derecho
TS-00982,economia
TS-00983,medicina
TS-00984,administracion_empresas
TS-00985,gobierno
TS-00986,medicina
TS-00987,economia
TS-00988,administracion_empresas
TS-00989,medicina
TS-00990,derecho
TS-00991,administracion_empresas
TS-00992,derecho
TS-00993,administracion_empresas
TS-00994,administracion_empresas
TS-00995,administracion_empresas
TS-00996,gobierno
TS-00997,medicina
TS-00998,medicina
TS-00999,gobierno
TS-01000,derecho
TS-01001,administracion_empresas
TS-01002,administracion_empresas
TS-01003,derecho
TS-01004,administracion_empresas
TS-01005,medicina
TS-01006,gobierno
TS-01007,administracion_empresas
TS-01008,derecho
TS-01009,administracion_empresas
TS-01010,medicina
TS-01011,administracion_empresas
TS-01012,derecho
TS-01013,administracion_empresas
TS-01014,medicina
TS-01015,administracion_empresas
TS-01016,administracion_empresas
TS-01017,administracion_empresas
TS-01018,economia
TS-01019,administracion_empresas
TS-01020,administracion_empresas
TS-01021,derecho
TS-01022,administracion_empresas
TS-01023,administracion_empresas
TS-01024,medicina
TS-01025,medicina
TS-01026,gobierno
TS-01027,administracion_empresas
TS-01028,medicina
TS-01029,gobierno
TS-01030,administracion_empresas
TS-01031,derecho
TS-01032,medicina
TS-01033,administracion_empresas
TS-01034,economia
TS-01035,economia
TS-01036,administracion_empresas
TS-01037,medicina
TS-01038,gobierno
TS-01039,gobierno
TS-01040,derecho
TS-01041,gobierno
TS-01042,medicina
TS-01043,administracion_empresas
TS-01044,medicina
TS-01045,derecho
TS-01046,medicina
TS-01047,administracion_empresas
TS-01048,medicina
TS-01049,administracion_empresas
TS-01050,medicina
TS-01051,gobierno
TS-01052,administracion_empresas
TS-01053,medicina
TS-01054,gobierno
TS-01055,administracion_empresas
TS-01056,administracion_empresas
TS-01057,medicina
TS-01058,administracion_empresas
TS-01059,medicina
TS-01060,administracion_empresas
TS-01061,gobierno
TS-01062,administracion_empresas
TS-01063,gobierno
TS-01064,administracion_empresas
TS-01065,gobierno
TS-01066,administracion_empresas
TS-01067,gobierno
TS-01068,administracion_empresas
TS-01069,economia
TS-01070,medicina
TS-01071,medicina
TS-01072,medicina
TS-01073,administracion_empresas
TS-01074,administracion_empresas
TS-01075,medicina
TS-01076,administracion_empresas
TS-01077,administracion_empresas
TS-01078,administracion_empresas
TS-01079,derecho
TS-01080,derecho
TS-01081,medicina
TS-01082,medicina
TS-01083,derecho
TS-01084,administracion_empresas
TS-01085,gobierno
TS-01086,administracion_empresas
TS-01087,medicina
TS-01088,administracion_empresas
TS-01089,economia
TS-01090,administracion_empresas
TS-01091,administracion_empresas
TS-01092,gobierno
TS-01093,gobierno
TS-01094,derecho
TS-01095,medicina
TS-01096,administracion_empresas
TS-01097,medicina
TS-01098,derecho
TS-01099,gobierno
TS-01100,administracion_empresas
TS-01101,gobierno
TS-01102,derecho
TS-01103,administracion_empresas
TS-01104,administracion_empresas
TS-01105,administracion_empresas
TS-01106,administracion_empresas
TS-01107,derecho
TS-01108,administracion_empresas
TS-01109,medicina
TS-01110,medicina
TS-01111,derecho
TS-01112,gobierno
TS-01113,derecho
TS-01114,medicina
TS-01115,medicina
TS-01116,economia
TS-01117,administracion_empresas
TS-01118,derecho
TS-01119,medicina
TS-01120,gobierno
TS-01121,medicina
TS-01122,administracion_empresas
TS-01123,administracion_empresas
TS-01124,medicina
TS-01125,gobierno
TS-01126,medicina
TS-01127,medicina
TS-01128,gobierno
TS-01129,derecho
TS-01130,gobierno
TS-01131,administracion_empresas
TS-01132,gobierno
TS-01133,administracion_empresas
TS-01134,medicina
TS-01135,gobierno
TS-01136,medicina
TS-01137,administracion_empresas
TS-01138,administracion_empresas
TS-01139,derecho
TS-01140,administracion_empresas
TS-01141,gobierno
TS-01142,economia
TS-01143,gobierno
TS-01144,gobierno
TS-01145,medicina
TS-01146,derecho
TS-01147,medicina
TS-01148,medicina
TS-01149,medicina
TS-01150,derecho
TS-01151,administracion_empresas
TS-01152,administracion_empresas
TS-01153,medicina
TS-01154,gobierno
TS-01155,administracion_empresas
TS-01156,administracion_empresas
TS-01157,administracion_empresas
TS-01158,administracion_empresas
TS-01159,derecho
TS-01160,medicina
TS-01161,medicina
TS-01162,medicina
TS-01163,medicina
TS-01164,medicina
TS-01165,administracion_empresas
TS-01166,medicina
TS-01167,medicina
TS-01168,economia
TS-01169,medicina
TS-01170,medicina
TS-01171,derecho
TS-01172,administracion_empresas
TS-01173,derecho
TS-01174,derecho
TS-01175,administracion_empresas
TS-01176,administracion_empresas
TS-01177,gobierno
TS-01178,administracion_empresas
TS-01179,administracion_empresas
TS-01180,derecho
TS-01181,medicina
TS-01182,administracion_empresas
TS-01183,derecho
TS-01184,medicina
TS-01185,administracion_empresas
TS-01186,derecho
TS-01187,derecho
TS-01188,medicina
TS-01189,administracion_empresas
TS-01190,administracion_empresas
TS-01191,medicina
TS-01192,administracion_empresas
TS-01193,medicina
TS-01194,derecho
TS-01195,medicina
TS-01196,administracion_empresas
TS-01197,medicina
TS-01198,gobierno
TS-01199,derecho
TS-01200,derecho
TS-01201,administracion_empresas
TS-01202,gobierno
TS-01203,gobierno
TS-01204,medicina
TS-01205,administracion_empresas
TS-01206,administracion_empresas
TS-01207,medicina
TS-01208,medicina
TS-01209,gobierno
TS-01210,administracion_empresas
TS-01211,administracion_empresas
TS-01212,administracion_empresas
TS-01213,administracion_empresas
TS-01214,medicina
TS-01215,medicina
TS-01216,medicina
TS-01217,medicina
TS-01218,gobierno
TS-01219,administracion_empresas
TS-01220,administracion_empresas
TS-01221,medicina
TS-01222,medicina
TS-01223,medicina
TS-01224,administracion_empresas
TS-01225,medicina
TS-01226,administracion_empresas
TS-01227,gobierno
TS-01228,administracion_empresas
TS-01229,economia
TS-01230,medicina
TS-01231,administracion_empresas
TS-01232,administracion_empresas
TS-01233,gobierno
TS-01234,gobierno
TS-01235,administracion_empresas
TS-01236,derecho
TS-01237,derecho
TS-01238,medicina
TS-01239,economia
TS-01240,derecho
TS-01241,medicina
TS-01242,economia
TS-01243,administracion_empresas
TS-01244,medicina
TS-01245,administracion_empresas
TS-01246,administracion_empresas
TS-01247,medicina
TS-01248,gobierno
TS-01249,medicina
TS-01250,medicina
TS-01251,gobierno
TS-01252,administracion_empresas
TS-01253,derecho
TS-01254,medicina
TS-01255,administracion_empresas
TS-01256,derecho
TS-01257,derecho
TS-01258,administracion_empresas
TS-01259,derecho
TS-01260,medicina
TS-01261,administracion_empresas
TS-01262,administracion_empresas
TS-01263,administracion_empresas
TS-01264,medicina
TS-01265,derecho
TS-01266,gobierno
TS-01267,gobierno
TS-01268,derecho
TS-01269,administracion_empresas
TS-01270,medicina
TS-01271,administracion_empresas
TS-01272,administracion_empresas
TS-01273,medicina
TS-01274,medicina
TS-01275,administracion_empresas
TS-01276,gobierno
TS-01277,derecho
TS-01278,medicina
TS-01279,economia
TS-01280,medicina
TS-01281,gobierno
TS-01282,medicina
TS-01283,administracion_empresas
TS-01284,derecho
TS-01285,administracion_empresas
TS-01286,economia
TS-01287,gobierno
TS-01288,administracion_empresas
TS-01289,derecho
TS-01290,administracion_empresas
TS-01291,gobierno
TS-01292,administracion_empresas
TS-01293,administracion_empresas
TS-01294,economia
TS-01295,medicina
TS-01296,medicina
TS-01297,gobierno
TS-01298,gobierno
TS-01299,medicina
TS-01300,gobierno
TS-01301,derecho
TS-01302,medicina
TS-01303,administracion_empresas
TS-01304,derecho
TS-01305,administracion_empresas
TS-01306,administracion_empresas
TS-01307,administracion_empresas
TS-01308,administracion_empresas
TS-01309,medicina
TS-01310,medicina
TS-01311,medicina
TS-01312,medicina
TS-01313,gobierno
TS-01314,administracion_empresas
TS-01315,medicina
TS-01316,economia
TS-01317,medicina
TS-01318,derecho
TS-01319,administracion_empresas
TS-01320,administracion_empresas
TS-01321,medicina
TS-01322,administracion_empresas
TS-01323,medicina
TS-01324,administracion_empresas
TS-01325,medicina
TS-01326,administracion_empresas
TS-01327,derecho
TS-01328,gobierno
TS-01329,administracion_empresas
TS-01330,medicina
TS-01331,derecho
TS-01332,medicina
TS-01333,administracion_empresas
TS-01334,administracion_empresas
TS-01335,administracion_empresas
TS-01336,gobierno
TS-01337,administracion_empresas
TS-01338,administracion_empresas
TS-01339,medicina
TS-01340,administracion_empresas
TS-01341,administracion_empresas
TS-01342,gobierno
TS-01343,gobierno
TS-01344,administracion_empresas
TS-01345,administracion_empresas
TS-01346,economia
TS-01347,medicina
TS-01348,medicina
TS-01349,economia
TS-01350,derecho
TS-01351,medicina
TS-01352,administracion_empresas
TS-01353,medicina
TS-01354,administracion_empresas
TS-01355,medicina
TS-01356,administracion_empresas
TS-01357,economia
TS-01358,medicina
TS-01359,gobierno
TS-01360,medicina
TS-01361,derecho
TS-01362,derecho
TS-01363,gobierno
TS-01364,gobierno
TS-01365,administracion_empresas
TS-01366,administracion_empresas
TS-01367,medicina
TS-01368,gobierno
TS-01369,gobierno
TS-01370,medicina
TS-01371,derecho
TS-01372,gobierno
TS-01373,administracion_empresas
TS-01374,derecho
TS-01375,medicina
TS-01376,administracion_empresas
TS-01377,medicina
TS-01378,medicina
TS-01379,medicina
TS-01380,medicina
TS-01381,administracion_empresas
TS-01382,derecho
TS-01383,gobierno
TS-01384,medicina
TS-01385,medicina
TS-01386,gobierno
TS-01387,derecho
TS-01388,economia
TS-01389,administracion_empresas
TS-01390,medicina
TS-01391,gobierno
TS-01392,administracion_empresas
TS-01393,administracion_empresas
TS-01394,administracion_empresas
TS-01395,administracion_empresas
TS-01396,derecho
TS-01397,derecho
TS-01398,gobierno
TS-01399,medicina
TS-01400,medicina
TS-01401,gobierno
TS-01402,administracion_empresas
TS-01403,administracion_empresas
TS-01404,gobierno
TS-01405,administracion_empresas
TS-01406,medicina
TS-01407,derecho
TS-01408,gobierno
TS-01409,gobierno
TS-01410,medicina
TS-01411,administracion_empresas
TS-01412,gobierno
TS-01413,medicina
TS-01414,gobierno
TS-01415,medicina
TS-01416,gobierno
TS-01417,derecho
TS-01418,derecho
TS-01419,medicina
TS-01420,medicina
TS-01421,gobierno
TS-01422,gobierno
TS-01423,derecho
TS-01424,medicina
TS-01425,administracion_empresas
TS-01426,gobierno
TS-01427,gobierno
TS-01428,administracion_empresas
TS-01429,economia
TS-01430,derecho
TS-01431,medicina
TS-01432,derecho
TS-01433,medicina
TS-01434,administracion_empresas
TS-01435,medicina
TS-01436,gobierno
TS-01437,gobierno
TS-01438,administracion_empresas
TS-01439,medicina
TS-01440,gobierno
TS-01441,administracion_empresas
TS-01442,gobierno
TS-01443,gobierno
TS-01444,economia
TS-01445,derecho
TS-01446,gobierno
TS-01447,administracion_empresas
TS-01448,derecho
TS-01449,administracion_empresas
TS-01450,administracion_empresas
TS-01451,administracion_empresas
TS-01452,gobierno
TS-01453,medicina
TS-01454,derecho
TS-01455,medicina
TS-01456,administracion_empresas
TS-01457,derecho
TS-01458,administracion_empresas
TS-01459,administracion_empresas
TS-01460,medicina
TS-01461,medicina
TS-01462,medicina
TS-01463,gobierno
TS-01464,administracion_empresas
TS-01465,gobierno
TS-01466,gobierno
TS-01467,administracion_empresas
TS-01468,economia
TS-01469,gobierno
TS-01470,administracion_empresas
TS-01471,medicina
TS-01472,derecho
TS-01473,medicina
TS-01474,administracion_empresas
TS-01475,medicina
TS-01476,administracion_empresas
TS-01477,economia
TS-01478,gobierno
TS-01479,administracion_empresas
TS-01480,gobierno
TS-01481,gobierno
TS-01482,medicina
TS-01483,gobierno
TS-01484,medicina
TS-01485,administracion_empresas
TS-01486,medicina
TS-01487,medicina
TS-01488,medicina
TS-01489,medicina
TS-01490,economia
TS-01491,economia
TS-01492,administracion_empresas
TS-01493,medicina
TS-01494,medicina
TS-01495,gobierno
TS-01496,derecho
TS-01497,administracion_empresas
TS-01498,economia
TS-01499,medicina
TS-01500,medicina
TS-01501,gobierno
TS-01502,medicina
TS-01503,administracion_empresas
TS-01504,administracion_empresas
TS-01505,administracion_empresas
TS-01506,derecho
TS-01507,medicina
TS-01508,derecho
TS-01509,derecho
TS-01510,medicina
TS-01511,administracion_empresas
TS-01512,administracion_empresas
TS-01513,medicina
TS-01514,medicina
TS-01515,medicina
TS-01516,administracion_empresas
TS-01517,administracion_empresas
TS-01518,medicina
TS-01519,administracion_empresas
TS-01520,medicina
TS-01521,derecho
TS-01522,medicina
TS-01523,gobierno
TS-01524,gobierno
TS-01525,administracion_empresas
TS-01526,economia
TS-01527,medicina
TS-01528,gobierno
TS-01529,derecho
TS-01530,medicina
TS-01531,medicina
TS-01532,administracion_empresas
TS-01533,derecho
TS-01534,administracion_empresas
TS-01535,derecho
TS-01536,medicina
TS-01537,medicina
TS-01538,medicina
TS-01539,medicina
TS-01540,administracion_empresas
TS-01541,gobierno
TS-01542,administracion_empresas
TS-01543,administracion_empresas
TS-01544,derecho
TS-01545,gobierno
TS-01546,medicina
TS-01547,economia
TS-01548,administracion_empresas
TS-01549,gobierno
TS-01550,administracion_empresas
TS-01551,economia
TS-01552,gobierno
TS-01553,gobierno
TS-01554,administracion_empresas
TS-01555,administracion_empresas
TS-01556,medicina
TS-01557,administracion_empresas
TS-01558,derecho
TS-01559,derecho
TS-01560,medicina
TS-01561,administracion_empresas
TS-01562,medicina
TS-01563,medicina
TS-01564,gobierno
TS-01565,gobierno
TS-01566,gobierno
TS-01567,medicina
TS-01568,administracion_empresas
TS-01569,derecho
TS-01570,gobierno
TS-01571,gobierno
TS-01572,medicina
TS-01573,medicina
TS-01574,medicina
TS-01575,administracion_empresas
TS-01576,medicina
TS-01577,derecho
TS-01578,administracion_empresas
TS-01579,administracion_empresas
TS-01580,administracion_empresas
TS-01581,medicina
TS-01582,administracion_empresas
TS-01583,derecho
TS-01584,medicina
TS-01585,gobierno
TS-01586,medicina
TS-01587,administracion_empresas
TS-01588,medicina
TS-01589,gobierno
TS-01590,medicina
TS-01591,derecho
TS-01592,gobierno
TS-01593,administracion_empresas
TS-01594,administracion_empresas
TS-01595,administracion_empresas
TS-01596,medicina
TS-01597,gobierno
TS-01598,administracion_empresas
TS-01599,administracion_empresas
TS-01600,gobierno
TS-01601,medicina
TS-01602,administracion_empresas
TS-01603,medicina
TS-01604,administracion_empresas
TS-01605,administracion_empresas
TS-01606,derecho
TS-01607,medicina
TS-01608,gobierno
TS-01609,gobierno
TS-01610,gobierno
TS-01611,administracion_empresas
TS-01612,medicina
TS-01613,medicina
TS-01614,administracion_empresas
TS-01615,administracion_empresas
TS-01616,administracion_empresas
TS-01617,administracion_empresas
TS-01618,derecho
TS-01619,gobierno
TS-01620,medicina
TS-01621,medicina
TS-01622,derecho
TS-01623,medicina
TS-01624,economia
TS-01625,gobierno
TS-01626,economia
TS-01627,gobierno
TS-01628,gobierno
TS-01629,gobierno
TS-01630,gobierno
TS-01631,medicina
TS-01632,medicina
TS-01633,medicina
TS-01634,gobierno
TS-01635,administracion_empresas
TS-01636,medicina
TS-01637,gobierno
TS-01638,administracion_empresas
TS-01639,derecho
TS-01640,gobierno
TS-01641,gobierno
TS-01642,gobierno
TS-01643,medicina
TS-01644,medicina
TS-01645,administracion_empresas
TS-01646,administracion_empresas
TS-01647,administracion_empresas
TS-01648,derecho
TS-01649,administracion_empresas
TS-01650,derecho
TS-01651,gobierno
TS-01652,gobierno
TS-01653,medicina
TS-01654,administracion_empresas
TS-01655,medicina
TS-01656,medicina
TS-01657,administracion_empresas
TS-01658,gobierno
TS-01659,administracion_empresas
TS-01660,administracion_empresas
TS-01661,medicina
TS-01662,gobierno
TS-01663,gobierno
TS-01664,medicina
TS-01665,medicina
TS-01666,administracion_empresas
TS-01667,derecho
TS-01668,medicina
TS-01669,gobierno
TS-01670,medicina
TS-01671,medicina
TS-01672,derecho
TS-01673,gobierno
TS-01674,gobierno
TS-01675,medicina
TS-01676,medicina
TS-01677,administracion_empresas
TS-01678,gobierno
TS-01679,derecho
TS-01680,administracion_empresas
TS-01681,derecho
TS-01682,medicina
TS-01683,medicina
TS-01684,administracion_empresas
TS-01685,administracion_empresas
TS-01686,gobierno
TS-01687,medicina
TS-01688,derecho
TS-01689,gobierno
TS-01690,gobierno
TS-01691,medicina
TS-01692,gobierno
TS-01693,administracion_empresas
TS-01694,medicina
TS-01695,derecho
TS-01696,gobierno
TS-01697,gobierno
TS-01698,medicina
TS-01699,medicina
TS-01700,medicina
TS-01701,medicina
TS-01702,administracion_empresas
TS-01703,gobierno
TS-01704,gobierno
TS-01705,medicina
TS-01706,medicina
TS-01707,medicina
TS-01708,gobierno
TS-01709,administracion_empresas
TS-01710,derecho
TS-01711,derecho
TS-01712,medicina
TS-01713,gobierno
TS-01714,administracion_empresas
TS-01715,medicina
TS-01716,medicina
TS-01717,medicina
TS-01718,medicina
TS-01719,administracion_empresas
TS-01720,administracion_empresas
TS-01721,gobierno
TS-01722,administracion_empresas
TS-01723,administracion_empresas
TS-01724,administracion_empresas
TS-01725,medicina
TS-01726,administracion_empresas
TS-01727,gobierno
TS-01728,derecho
TS-01729,administracion_empresas
TS-01730,derecho
TS-01731,derecho
TS-01732,derecho
TS-01733,medicina
TS-01734,administracion_empresas
TS-01735,medicina
TS-01736,administracion_empresas
TS-01737,administracion_empresas
TS-01738,derecho
TS-01739,administracion_empresas
TS-01740,gobierno
TS-01741,gobierno
TS-01742,medicina
TS-01743,derecho
TS-01744,administracion_empresas
TS-01745,medicina
TS-01746,gobierno
TS-01747,derecho
TS-01748,derecho
TS-01749,gobierno
TS-01750,administracion_empresas
TS-01751,medicina
TS-01752,derecho
TS-01753,gobierno
TS-01754,medicina
TS-01755,administracion_empresas
TS-01756,administracion_empresas
TS-01757,derecho
TS-01758,administracion_empresas
TS-01759,administracion_empresas
TS-01760,medicina
TS-01761,medicina
TS-01762,administracion_empresas
TS-01763,administracion_empresas
TS-01764,medicina
TS-01765,medicina
TS-01766,gobierno
TS-01767,gobierno
TS-01768,medicina
TS-01769,medicina
TS-01770,gobierno
TS-01771,derecho
TS-01772,medicina
TS-01773,gobierno
TS-01774,administracion_empresas
TS-01775,administracion_empresas
TS-01776,gobierno
TS-01777,administracion_empresas
TS-01778,medicina
TS-01779,medicina
TS-01780,administracion_empresas
TS-01781,gobierno
TS-01782,gobierno
TS-01783,gobierno
TS-01784,administracion_empresas
TS-01785,administracion_empresas
TS-01786,gobierno
TS-01787,medicina
TS-01788,medicina
TS-01789,administracion_empresas
TS-01790,gobierno
TS-01791,medicina
TS-01792,administracion_empresas
TS-01793,economia
TS-01794,administracion_empresas
TS-01795,administracion_empresas
TS-01796,gobierno
TS-01797,gobierno
TS-01798,economia
TS-01799,gobierno
TS-01800,medicina
TS-01801,administracion_empresas
TS-01802,gobierno
TS-01803,gobierno
TS-01804,gobierno
TS-01805,economia
TS-01806,derecho
TS-01807,gobierno
TS-01808,derecho
TS-01809,economia
TS-01810,medicina
TS-01811,medicina
TS-01812,medicina
TS-01813,administracion_empresas
TS-01814,medicina
TS-01815,derecho
TS-01816,gobierno
TS-01817,medicina
TS-01818,administracion_empresas
TS-01819,medicina
TS-01820,medicina
TS-01821,gobierno
TS-01822,medicina
TS-01823,administracion_empresas
TS-01824,medicina
TS-01825,gobierno
TS-01826,administracion_empresas
TS-01827,administracion_empresas
TS-01828,derecho
TS-01829,administracion_empresas
TS-01830,derecho
TS-01831,administracion_empresas
TS-01832,administracion_empresas
TS-01833,medicina
TS-01834,administracion_empresas
TS-01835,medicina
TS-01836,gobierno
TS-01837,derecho
TS-01838,gobierno
TS-01839,medicina
TS-01840,derecho
TS-01841,administracion_empresas
TS-01842,administracion_empresas
TS-01843,gobierno
TS-01844,medicina
TS-01845,derecho
TS-01846,gobierno
TS-01847,medicina
TS-01848,gobierno
TS-01849,medicina
TS-01850,derecho
TS-01851,gobierno
TS-01852,administracion_empresas
TS-01853,gobierno
TS-01854,derecho
TS-01855,derecho
TS-01856,medicina
TS-01857,medicina
TS-01858,medicina
TS-01859,medicina
TS-01860,medicina
TS-01861,administracion_empresas
TS-01862,administracion_empresas
TS-01863,administracion_empresas
TS-01864,gobierno
TS-01865,medicina
TS-01866,administracion_empresas
TS-01867,medicina
TS-01868,economia
TS-01869,economia
TS-01870,gobierno
TS-01871,administracion_empresas
TS-01872,medicina
TS-01873,administracion_empresas
TS-01874,gobierno
TS-01875,gobierno
TS-01876,medicina
TS-01877,medicina
TS-01878,derecho
TS-01879,medicina
TS-01880,gobierno
TS-01881,medicina
TS-01882,medicina
TS-01883,medicina
TS-01884,medicina
TS-01885,economia
TS-01886,administracion_empresas
TS-01887,administracion_empresas
TS-01888,administracion_empresas
TS-01889,administracion_empresas
TS-01890,administracion_empresas
TS-01891,medicina
TS-01892,medicina
TS-01893,economia
TS-01894,administracion_empresas
TS-01895,derecho
TS-01896,gobierno
TS-01897,gobierno
TS-01898,gobierno
TS-01899,medicina
TS-01900,medicina
TS-01901,gobierno
TS-01902,administracion_empresas
TS-01903,administracion_empresas
TS-01904,gobierno
TS-01905,medicina
TS-01906,medicina
TS-01907,gobierno
TS-01908,medicina
TS-01909,administracion_empresas
TS-01910,medicina
TS-01911,derecho
TS-01912,administracion_empresas
TS-01913,gobierno
TS-01914,economia
TS-01915,derecho
TS-01916,administracion_empresas
TS-01917,administracion_empresas
TS-01918,medicina
TS-01919,gobierno
TS-01920,medicina
TS-01921,economia
TS-01922,administracion_empresas
TS-01923,administracion_empresas
TS-01924,medicina
TS-01925,economia
TS-01926,gobierno
TS-01927,gobierno
TS-01928,gobierno
TS-01929,administracion_empresas
TS-01930,gobierno
TS-01931,medicina
TS-01932,gobierno
TS-01933,medicina
TS-01934,derecho
TS-01935,gobierno
TS-01936,economia
TS-01937,medicina
TS-01938,gobierno
TS-01939,administracion_empresas
TS-01940,gobierno
TS-01941,derecho
TS-01942,administracion_empresas
TS-01943,administracion_empresas
TS-01944,administracion_empresas
TS-01945,administracion_empresas
TS-01946,gobierno
TS-01947,gobierno
TS-01948,administracion_empresas
TS-01949,medicina
TS-01950,medicina
TS-01951,gobierno
TS-01952,gobierno
TS-01953,administracion_empresas
TS-01954,medicina
TS-01955,administracion_empresas
TS-01956,medicina
TS-01957,administracion_empresas
TS-01958,medicina
TS-01959,administracion_empresas
TS-01960,medicina
TS-01961,medicina
TS-01962,gobierno
TS-01963,administracion_empresas
TS-01964,administracion_empresas
TS-01965,gobierno
TS-01966,medicina
TS-01967,medicina
TS-01968,economia
TS-01969,medicina
TS-01970,medicina
TS-01971,medicina
TS-01972,administracion_empresas
TS-01973,gobierno
TS-01974,medicina
TS-01975,administracion_empresas
TS-01976,gobierno
TS-01977,medicina
TS-01978,gobierno
TS-01979,gobierno
TS-01980,medicina
TS-01981,medicina
TS-01982,medicina
TS-01983,administracion_empresas
TS-01984,administracion_empresas
TS-01985,medicina
TS-01986,administracion_empresas
TS-01987,derecho
TS-01988,medicina
TS-01989,gobierno
TS-01990,gobierno
TS-01991,administracion_empresas
TS-01992,medicina
TS-01993,derecho
TS-01994,derecho
TS-01995,derecho
TS-01996,economia
TS-01997,economia
TS-01998,administracion_empresas
TS-01999,gobierno
TS-02000,gobierno
TS-02001,derecho
TS-02002,medicina
TS-02003,administracion_empresas
TS-02004,derecho
TS-02005,derecho
TS-02006,medicina
TS-02007,medicina
TS-02008,gobierno
TS-02009,gobierno
TS-02010,medicina
TS-02011,derecho
TS-02012,administracion_empresas
TS-02013,medicina
TS-02014,derecho
TS-02015,economia
TS-02016,administracion_empresas
TS-02017,derecho
TS-02018,medicina
TS-02019,gobierno
TS-02020,administracion_empresas
TS-02021,administracion_empresas
TS-02022,administracion_empresas
TS-02023,medicina
TS-02024,medicina
TS-02025,derecho
TS-02026,administracion_empresas
TS-02027,economia
TS-02028,administracion_empresas
TS-02029,derecho
TS-02030,gobierno
TS-02031,gobierno
TS-02032,administracion_empresas
TS-02033,gobierno
TS-02034,administracion_empresas
TS-02035,economia
TS-02036,gobierno
TS-02037,administracion_empresas
TS-02038,gobierno
TS-02039,administracion_empresas
TS-02040,gobierno
TS-02041,medicina
TS-02042,derecho
TS-02043,derecho
TS-02044,medicina
TS-02045,medicina
TS-02046,medicina
TS-02047,gobierno
TS-02048,medicina
TS-02049,gobierno
TS-02050,economia
TS-02051,gobierno
TS-02052,medicina
TS-02053,derecho
TS-02054,economia
TS-02055,administracion_empresas
TS-02056,administracion_empresas
TS-02057,derecho
TS-02058,gobierno
TS-02059,administracion_empresas
TS-02060,administracion_empresas
TS-02061,derecho
TS-02062,gobierno
TS-02063,administracion_empresas
TS-02064,medicina
TS-02065,gobierno
TS-02066,derecho
TS-02067,gobierno
TS-02068,gobierno
TS-02069,administracion_empresas
TS-02070,gobierno
TS-02071,medicina
TS-02072,gobierno
TS-02073,economia
TS-02074,medicina
TS-02075,administracion_empresas
TS-02076,medicina
TS-02077,economia
TS-02078,economia
TS-02079,economia
TS-02080,economia
TS-02081,gobierno
TS-02082,administracion_empresas
TS-02083,administracion_empresas
TS-02084,administracion_empresas
TS-02085,administracion_empresas
TS-02086,derecho
TS-02087,administracion_empresas
TS-02088,administracion_empresas
TS-02089,gobierno
TS-02090,gobierno
TS-02091,medicina
TS-02092,gobierno
TS-02093,gobierno
TS-02094,administracion_empresas
TS-02095,gobierno
TS-02096,medicina
TS-02097,economia
TS-02098,administracion_empresas
TS-02099,administracion_empresas
TS-02100,administracion_empresas
TS-02101,administracion_empresas
TS-02102,gobierno
TS-02103,medicina
TS-02104,administracion_empresas
TS-02105,medicina
TS-02106,gobierno
TS-02107,derecho
TS-02108,administracion_empresas
TS-02109,administracion_empresas
TS-02110,gobierno
TS-02111,gobierno
TS-02112,medicina
TS-02113,administracion_empresas
TS-02114,gobierno
TS-02115,medicina
TS-02116,medicina
TS-02117,administracion_empresas
TS-02118,medicina
TS-02119,administracion_empresas
TS-02120,gobierno
TS-02121,gobierno
TS-02122,medicina
TS-02123,administracion_empresas
TS-02124,gobierno
TS-02125,administracion_empresas
TS-02126,administracion_empresas
TS-02127,medicina
TS-02128,administracion_empresas
TS-02129,derecho
TS-02130,medicina
TS-02131,economia
TS-02132,medicina
TS-02133,administracion_empresas
TS-02134,administracion_empresas
TS-02135,gobierno
TS-02136,medicina
TS-02137,gobierno
TS-02138,medicina
TS-02139,medicina
TS-02140,medicina
TS-02141,medicina
TS-02142,medicina
TS-02143,medicina
TS-02144,medicina
TS-02145,derecho
TS-02146,medicina
TS-02147,medicina
TS-02148,administracion_empresas
TS-02149,gobierno
TS-02150,gobierno
TS-02151,medicina
TS-02152,medicina
TS-02153,gobierno
TS-02154,administracion_empresas
TS-02155,medicina
TS-02156,gobierno
TS-02157,medicina
TS-02158,medicina
TS-02159,medicina
TS-02160,gobierno
TS-02161,gobierno
TS-02162,administracion_empresas
TS-02163,administracion_empresas
TS-02164,medicina
TS-02165,administracion_empresas
TS-02166,derecho
TS-02167,medicina
TS-02168,administracion_empresas
TS-02169,gobierno
TS-02170,economia
TS-02171,economia
TS-02172,medicina
TS-02173,economia
TS-02174,medicina
TS-02175,gobierno
TS-02176,gobierno
TS-02177,medicina
TS-02178,derecho
TS-02179,administracion_empresas
TS-02180,administracion_empresas
TS-02181,administracion_empresas
TS-02182,medicina
TS-02183,medicina
TS-02184,derecho
TS-02185,gobierno
TS-02186,medicina
TS-02187,derecho
TS-02188,economia
TS-02189,administracion_empresas
TS-02190,medicina
TS-02191,medicina
TS-02192,economia
TS-02193,administracion_empresas
TS-02194,administracion_empresas
TS-02195,administracion_empresas
TS-02196,medicina
TS-02197,gobierno
TS-02198,administracion_empresas
TS-02199,gobierno
TS-02200,gobierno
TS-02201,administracion_empresas
TS-02202,administracion_empresas
TS-02203,gobierno
TS-02204,gobierno
TS-02205,medicina
TS-02206,administracion_empresas
TS-02207,gobierno
TS-02208,medicina
TS-02209,administracion_empresas
TS-02210,administracion_empresas
TS-02211,gobierno
TS-02212,economia
TS-02213,administracion_empresas
TS-02214,administracion_empresas
TS-02215,gobierno
TS-02216,gobierno
TS-02217,medicina
TS-02218,administracion_empresas
TS-02219,administracion_empresas
TS-02220,gobierno
TS-02221,administracion_empresas
TS-02222,economia
TS-02223,medicina
TS-02224,administracion_empresas
TS-02225,medicina
TS-02226,gobierno
TS-02227,administracion_empresas
TS-02228,medicina
TS-02229,medicina
TS-02230,medicina
TS-02231,medicina
TS-02232,administracion_empresas
TS-02233,medicina
TS-02234,medicina
TS-02235,administracion_empresas
TS-02236,derecho
TS-02237,derecho
TS-02238,derecho
TS-02239,gobierno
TS-02240,derecho
TS-02241,gobierno
TS-02242,administracion_empresas
TS-02243,medicina
TS-02244,gobierno
TS-02245,administracion_empresas
TS-02246,medicina
TS-02247,derecho
TS-02248,administracion_empresas
TS-02249,administracion_empresas
TS-02250,administracion_empresas
TS-02251,gobierno
TS-02252,derecho
TS-02253,administracion_empresas
TS-02254,gobierno
TS-02255,administracion_empresas
TS-02256,administracion_empresas
TS-02257,derecho
TS-02258,derecho
TS-02259,medicina
TS-02260,administracion_empresas
TS-02261,gobierno
TS-02262,administracion_empresas
TS-02263,administracion_empresas
TS-02264,administracion_empresas
TS-02265,medicina
TS-02266,derecho
TS-02267,gobierno
TS-02268,administracion_empresas
TS-02269,administracion_empresas
TS-02270,derecho
TS-02271,gobierno
TS-02272,gobierno
TS-02273,administracion_empresas
TS-02274,administracion_empresas
TS-02275,administracion_empresas
TS-02276,gobierno
TS-02277,administracion_empresas
TS-02278,administracion_empresas
TS-02279,medicina
TS-02280,gobierno
TS-02281,derecho
TS-02282,administracion_empresas
TS-02283,administracion_empresas
TS-02284,administracion_empresas
TS-02285,medicina
TS-02286,administracion_empresas
TS-02287,medicina
TS-02288,medicina
TS-02289,medicina
TS-02290,derecho
TS-02291,administracion_empresas
TS-02292,administracion_empresas
TS-02293,administracion_empresas
TS-02294,gobierno
TS-02295,derecho
TS-02296,gobierno
TS-02297,gobierno
TS-02298,derecho
TS-02299,derecho
TS-02300,medicina
TS-02301,administracion_empresas
TS-02302,gobierno
TS-02303,administracion_empresas
TS-02304,derecho
TS-02305,derecho
TS-02306,medicina
TS-02307,medicina
TS-02308,administracion_empresas
TS-02309,medicina
TS-02310,administracion_empresas
TS-02311,administracion_empresas
TS-02312,gobierno
TS-02313,administracion_empresas
TS-02314,derecho
TS-02315,administracion_empresas
TS-02316,gobierno
TS-02317,gobierno
TS-02318,medicina
TS-02319,administracion_empresas
TS-02320,administracion_empresas
TS-02321,gobierno
TS-02322,gobierno
TS-02323,gobierno
TS-02324,medicina
TS-02325,medicina
TS-02326,medicina
TS-02327,medicina
TS-02328,administracion_empresas
TS-02329,derecho
TS-02330,medicina
TS-02331,medicina
TS-02332,administracion_empresas
TS-02333,medicina
TS-02334,medicina
TS-02335,medicina
TS-02336,medicina
TS-02337,administracion_empresas
TS-02338,gobierno
TS-02339,medicina
TS-02340,derecho
TS-02341,gobierno
TS-02342,gobierno
TS-02343,medicina
TS-02344,medicina
TS-02345,derecho
TS-02346,gobierno
TS-02347,derecho
TS-02348,derecho
TS-02349,economia
TS-02350,administracion_empresas
TS-02351,derecho
TS-02352,derecho
TS-02353,medicina
TS-02354,administracion_empresas
TS-02355,economia
TS-02356,gobierno
TS-02357,administracion_empresas
TS-02358,administracion_empresas
TS-02359,administracion_empresas
TS-02360,administracion_empresas
TS-02361,administracion_empresas
TS-02362,medicina
TS-02363,gobierno
TS-02364,gobierno
TS-02365,administracion_empresas
TS-02366,medicina
TS-02367,administracion_empresas
TS-02368,gobierno
TS-02369,gobierno
TS-02370,administracion_empresas
TS-02371,gobierno
TS-02372,administracion_empresas
TS-02373,derecho
TS-02374,gobierno
TS-02375,medicina
TS-02376,medicina
TS-02377,medicina
TS-02378,administracion_empresas
TS-02379,gobierno
TS-02380,administracion_empresas
TS-02381,administracion_empresas
TS-02382,gobierno
TS-02383,administracion_empresas
TS-02384,gobierno
TS-02385,gobierno
TS-02386,gobierno
TS-02387,administracion_empresas
TS-02388,medicina
TS-02389,gobierno
TS-02390,administracion_empresas
TS-02391,administracion_empresas
TS-02392,administracion_empresas
TS-02393,gobierno
TS-02394,administracion_empresas
TS-02395,derecho
TS-02396,administracion_empresas
TS-02397,gobierno
TS-02398,administracion_empresas
TS-02399,derecho
TS-02400,medicina
TS-02401,economia
TS-02402,administracion_empresas
TS-02403,administracion_empresas
TS-02404,medicina
TS-02405,gobierno
TS-02406,administracion_empresas
TS-02407,administracion_empresas
TS-02408,medicina
TS-02409,administracion_empresas
TS-02410,medicina
TS-02411,medicina
TS-02412,medicina
TS-02413,derecho
TS-02414,medicina
TS-02415,administracion_empresas
TS-02416,medicina
TS-02417,medicina
TS-02418,administracion_empresas
TS-02419,derecho
TS-02420,medicina
TS-02421,gobierno
TS-02422,medicina
TS-02423,derecho
TS-02424,administracion_empresas
TS-02425,administracion_empresas
TS-02426,gobierno
TS-02427,medicina
TS-02428,administracion_empresas
TS-02429,medicina
TS-02430,administracion_empresas
TS-02431,medicina
TS-02432,administracion_empresas
TS-02433,derecho
TS-02434,gobierno
TS-02435,administracion_empresas
TS-02436,gobierno
TS-02437,gobierno
TS-02438,gobierno
TS-02439,medicina
TS-02440,gobierno
TS-02441,gobierno
TS-02442,derecho
TS-02443,gobierno
TS-02444,administracion_empresas
TS-02445,medicina
TS-02446,medicina
TS-02447,medicina
TS-02448,economia
TS-02449,economia
TS-02450,medicina
TS-02451,medicina
TS-02452,administracion_empresas
TS-02453,administracion_empresas
TS-02454,medicina
TS-02455,gobierno
TS-02456,gobierno
TS-02457,administracion_empresas
TS-02458,administracion_empresas
TS-02459,derecho
TS-02460,economia
TS-02461,medicina
TS-02462,derecho
TS-02463,medicina
TS-02464,derecho
TS-02465,economia
TS-02466,gobierno
TS-02467,medicina
TS-02468,administracion_empresas
TS-02469,administracion_empresas
TS-02470,medicina
TS-02471,gobierno
TS-02472,gobierno
TS-02473,administracion_empresas
TS-02474,gobierno
TS-02475,administracion_empresas
TS-02476,administracion_empresas
TS-02477,gobierno
TS-02478,gobierno
TS-02479,derecho
TS-02480,administracion_empresas
TS-02481,administracion_empresas
TS-02482,administracion_empresas
TS-02483,administracion_empresas
TS-02484,gobierno
TS-02485,gobierno
TS-02486,medicina
TS-02487,derecho
TS-02488,medicina
TS-02489,medicina
TS-02490,medicina
TS-02491,medicina
TS-02492,administracion_empresas
TS-02493,gobierno
TS-02494,administracion_empresas
TS-02495,medicina
TS-02496,medicina
TS-02497,gobierno
TS-02498,administracion_empresas
TS-02499,medicina
TS-02500,medicina
TS-02501,administracion_empresas
TS-02502,derecho
TS-02503,gobierno
TS-02504,derecho
TS-02505,medicina
TS-02506,derecho
TS-02507,medicina
TS-02508,administracion_empresas
TS-02509,administracion_empresas
TS-02510,economia
TS-02511,gobierno
TS-02512,gobierno
TS-02513,administracion_empresas
TS-02514,gobierno
TS-02515,derecho
TS-02516,administracion_empresas
TS-02517,medicina
TS-02518,economia
TS-02519,derecho
TS-02520,gobierno
TS-02521,medicina
TS-02522,derecho
TS-02523,gobierno
TS-02524,gobierno
TS-02525,administracion_empresas
TS-02526,medicina
TS-02527,administracion_empresas
TS-02528,administracion_empresas
TS-02529,administracion_empresas
TS-02530,derecho
TS-02531,gobierno
TS-02532,medicina
TS-02533,medicina
TS-02534,economia
TS-02535,gobierno
TS-02536,medicina
TS-02537,administracion_empresas
TS-02538,medicina
TS-02539,administracion_empresas
TS-02540,medicina
TS-02541,derecho
TS-02542,gobierno
TS-02543,administracion_empresas
TS-02544,administracion_empresas
TS-02545,medicina
TS-02546,gobierno
TS-02547,gobierno
TS-02548,medicina
TS-02549,gobierno
TS-02550,medicina
TS-02551,medicina
TS-02552,administracion_empresas
TS-02553,medicina
TS-02554,administracion_empresas
TS-02555,medicina
TS-02556,administracion_empresas
TS-02557,administracion_empresas
TS-02558,gobierno
TS-02559,administracion_empresas
TS-02560,administracion_empresas
TS-02561,economia
TS-02562,medicina
TS-02563,medicina
TS-02564,gobierno
TS-02565,medicina
TS-02566,gobierno
TS-02567,administracion_empresas
TS-02568,administracion_empresas
TS-02569,administracion_empresas
TS-02570,economia
TS-02571,medicina
TS-02572,derecho
TS-02573,administracion_empresas
TS-02574,medicina
TS-02575,medicina
TS-02576,administracion_empresas
TS-02577,gobierno
TS-02578,administracion_empresas
TS-02579,derecho
TS-02580,medicina
TS-02581,administracion_empresas
TS-02582,administracion_empresas
TS-02583,administracion_empresas
TS-02584,medicina
TS-02585,administracion_empresas
TS-02586,administracion_empresas
TS-02587,medicina
TS-02588,gobierno
TS-02589,economia
TS-02590,gobierno
TS-02591,economia
TS-02592,administracion_empresas
TS-02593,gobierno
TS-02594,medicina
TS-02595,medicina
TS-02596,administracion_empresas
TS-02597,derecho
TS-02598,medicina
TS-02599,medicina
TS-02600,medicina
TS-02601,derecho
TS-02602,administracion_empresas
TS-02603,gobierno
TS-02604,medicina
TS-02605,medicina
TS-02606,gobierno
TS-02607,medicina
TS-02608,medicina
TS-02609,administracion_empresas
TS-02610,medicina
TS-02611,medicina
TS-02612,gobierno
TS-02613,gobierno
TS-02614,derecho
TS-02615,medicina
TS-02616,administracion_empresas
TS-02617,administracion_empresas
TS-02618,administracion_empresas
TS-02619,gobierno
TS-02620,administracion_empresas
TS-02621,gobierno
TS-02622,gobierno
TS-02623,derecho
TS-02624,derecho
TS-02625,gobierno
TS-02626,derecho
TS-02627,derecho
TS-02628,economia
TS-02629,derecho
TS-02630,administracion_empresas
TS-02631,gobierno
TS-02632,medicina
TS-02633,medicina
TS-02634,administracion_empresas
TS-02635,medicina
TS-02636,administracion_empresas
TS-02637,administracion_empresas
TS-02638,medicina
TS-02639,administracion_empresas
TS-02640,administracion_empresas
TS-02641,administracion_empresas
TS-02642,derecho
TS-02643,medicina
TS-02644,administracion_empresas
TS-02645,administracion_empresas
TS-02646,medicina
TS-02647,economia
TS-02648,medicina
TS-02649,medicina
TS-02650,gobierno
TS-02651,gobierno
TS-02652,medicina
TS-02653,derecho
TS-02654,gobierno
TS-02655,administracion_empresas
TS-02656,derecho
TS-02657,derecho
TS-02658,gobierno
TS-02659,medicina
TS-02660,medicina
TS-02661,administracion_empresas
TS-02662,administracion_empresas
TS-02663,derecho
TS-02664,administracion_empresas
TS-02665,administracion_empresas
TS-02666,gobierno
TS-02667,administracion_empresas
TS-02668,administracion_empresas
TS-02669,medicina
TS-02670,medicina
TS-02671,administracion_empresas
TS-02672,gobierno
TS-02673,gobierno
TS-02674,economia
TS-02675,economia
TS-02676,administracion_empresas
TS-02677,administracion_empresas
TS-02678,derecho
TS-02679,medicina
TS-02680,administracion_empresas
TS-02681,administracion_empresas
TS-02682,medicina
TS-02683,medicina
TS-02684,administracion_empresas
TS-02685,derecho
TS-02686,gobierno
TS-02687,medicina
TS-02688,derecho
TS-02689,medicina
TS-02690,medicina
TS-02691,gobierno
TS-02692,administracion_empresas
TS-02693,medicina
TS-02694,medicina
TS-02695,medicina
TS-02696,administracion_empresas
TS-02697,gobierno
TS-02698,administracion_empresas
TS-02699,gobierno
TS-02700,medicina
TS-02701,gobierno
TS-02702,medicina
TS-02703,derecho
TS-02704,administracion_empresas
TS-02705,medicina
TS-02706,gobierno
TS-02707,gobierno
TS-02708,economia
TS-02709,medicina
TS-02710,gobierno
TS-02711,medicina
TS-02712,administracion_empresas
TS-02713,economia
TS-02714,administracion_empresas
TS-02715,administracion_empresas
TS-02716,medicina
TS-02717,medicina
TS-02718,gobierno
TS-02719,medicina
TS-02720,administracion_empresas
TS-02721,economia
TS-02722,gobierno
TS-02723,medicina
TS-02724,medicina
TS-02725,gobierno
TS-02726,medicina
TS-02727,administracion_empresas
TS-02728,gobierno
TS-02729,gobierno
TS-02730,gobierno
TS-02731,administracion_empresas
TS-02732,derecho
TS-02733,administracion_empresas
TS-02734,administracion_empresas
TS-02735,derecho
TS-02736,medicina
TS-02737,derecho
TS-02738,medicina
TS-02739,derecho
TS-02740,medicina
TS-02741,economia
TS-02742,administracion_empresas
TS-02743,gobierno
TS-02744,gobierno
TS-02745,derecho
TS-02746,medicina
TS-02747,medicina
TS-02748,gobierno
TS-02749,derecho
TS-02750,administracion_empresas
TS-02751,administracion_empresas
TS-02752,gobierno
TS-02753,gobierno
TS-02754,administracion_empresas
TS-02755,gobierno
TS-02756,administracion_empresas
TS-02757,administracion_empresas
TS-02758,administracion_empresas
TS-02759,derecho
TS-02760,medicina
TS-02761,administracion_empresas
TS-02762,gobierno
TS-02763,administracion_empresas
TS-02764,medicina
TS-02765,economia
TS-02766,derecho
TS-02767,gobierno
TS-02768,administracion_empresas
TS-02769,derecho
TS-02770,administracion_empresas
TS-02771,medicina
TS-02772,administracion_empresas
TS-02773,economia
TS-02774,administracion_empresas
TS-02775,derecho
TS-02776,gobierno
TS-02777,derecho
TS-02778,medicina
TS-02779,administracion_empresas
TS-02780,economia
TS-02781,medicina
TS-02782,gobierno
TS-02783,derecho
TS-02784,administracion_empresas
TS-02785,derecho
TS-02786,gobierno
TS-02787,gobierno
TS-02788,administracion_empresas
TS-02789,administracion_empresas
TS-02790,medicina
TS-02791,administracion_empresas
TS-02792,administracion_empresas
TS-02793,administracion_empresas
TS-02794,medicina
TS-02795,administracion_empresas
TS-02796,medicina
TS-02797,derecho
TS-02798,gobierno
TS-02799,medicina
TS-02800,administracion_empresas
TS-02801,administracion_empresas
TS-02802,medicina
TS-02803,gobierno
TS-02804,medicina
TS-02805,medicina
TS-02806,administracion_empresas
TS-02807,administracion_empresas
TS-02808,economia
TS-02809,administracion_empresas
TS-02810,medicina
TS-02811,economia
TS-02812,gobierno
TS-02813,medicina
TS-02814,economia
TS-02815,administracion_empresas
TS-02816,economia
TS-02817,administracion_empresas
TS-02818,medicina
TS-02819,gobierno
TS-02820,medicina
TS-02821,derecho
TS-02822,gobierno
TS-02823,medicina
TS-02824,gobierno
TS-02825,gobierno
TS-02826,economia
TS-02827,gobierno
TS-02828,medicina
TS-02829,medicina
TS-02830,derecho
TS-02831,gobierno
TS-02832,administracion_empresas
TS-02833,medicina
TS-02834,gobierno
TS-02835,medicina
TS-02836,derecho
TS-02837,administracion_empresas
TS-02838,administracion_empresas
TS-02839,gobierno
TS-02840,gobierno
TS-02841,administracion_empresas
TS-02842,medicina
TS-02843,medicina
TS-02844,derecho
TS-02845,gobierno
TS-02846,gobierno
TS-02847,medicina
TS-02848,administracion_empresas
TS-02849,medicina
TS-02850,derecho
TS-02851,derecho
TS-02852,medicina
TS-02853,administracion_empresas
TS-02854,gobierno
TS-02855,administracion_empresas
TS-02856,administracion_empresas
TS-02857,medicina
TS-02858,medicina
TS-02859,administracion_empresas
TS-02860,administracion_empresas
TS-02861,medicina
TS-02862,derecho
TS-02863,gobierno
TS-02864,medicina
TS-02865,medicina
TS-02866,medicina
TS-02867,gobierno
TS-02868,gobierno
TS-02869,medicina
TS-02870,gobierno
TS-02871,gobierno
TS-02872,derecho
TS-02873,gobierno
TS-02874,medicina
TS-02875,economia
TS-02876,administracion_empresas
TS-02877,administracion_empresas
TS-02878,derecho
TS-02879,medicina
TS-02880,medicina
TS-02881,medicina
TS-02882,gobierno
TS-02883,medicina
TS-02884,economia
TS-02885,medicina
TS-02886,derecho
TS-02887,medicina
TS-02888,administracion_empresas
TS-02889,administracion_empresas
TS-02890,medicina
TS-02891,gobierno
TS-02892,medicina
TS-02893,derecho
TS-02894,administracion_empresas
TS-02895,medicina
TS-02896,medicina
TS-02897,gobierno
TS-02898,administracion_empresas
TS-02899,administracion_empresas
TS-02900,medicina
TS-02901,gobierno
TS-02902,medicina
TS-02903,derecho
TS-02904,administracion_empresas
TS-02905,gobierno
TS-02906,derecho
TS-02907,derecho
TS-02908,administracion_empresas
TS-02909,administracion_empresas
TS-02910,gobierno
TS-02911,administracion_empresas
TS-02912,gobierno
TS-02913,derecho
TS-02914,medicina
TS-02915,administracion_empresas
TS-02916,administracion_empresas
TS-02917,administracion_empresas
TS-02918,medicina
TS-02919,medicina
TS-02920,medicina
TS-02921,gobierno
TS-02922,medicina
TS-02923,medicina
TS-02924,medicina
TS-02925,medicina
TS-02926,administracion_empresas
TS-02927,administracion_empresas
TS-02928,economia
TS-02929,derecho
TS-02930,gobierno
TS-02931,gobierno
TS-02932,medicina
TS-02933,medicina
TS-02934,gobierno
TS-02935,administracion_empresas
TS-02936,medicina
TS-02937,gobierno
TS-02938,administracion_empresas
TS-02939,gobierno
TS-02940,medicina
TS-02941,medicina
TS-02942,gobierno
TS-02943,economia
TS-02944,administracion_empresas
TS-02945,administracion_empresas
TS-02946,administracion_empresas
TS-02947,derecho
TS-02948,administracion_empresas
TS-02949,gobierno
TS-02950,administracion_empresas
TS-02951,derecho
TS-02952,medicina
TS-02953,medicina
TS-02954,medicina
TS-02955,economia
TS-02956,derecho
TS-02957,medicina
TS-02958,derecho
TS-02959,gobierno
TS-02960,medicina
TS-02961,medicina
TS-02962,administracion_empresas
TS-02963,economia
TS-02964,gobierno
TS-02965,medicina
TS-02966,medicina
TS-02967,medicina
TS-02968,administracion_empresas
TS-02969,administracion_empresas
TS-02970,medicina
TS-02971,medicina
TS-02972,economia
TS-02973,medicina
TS-02974,administracion_empresas
TS-02975,medicina
TS-02976,administracion_empresas
TS-02977,gobierno
TS-02978,administracion_empresas
TS-02979,derecho
TS-02980,economia
TS-02981,medicina
TS-02982,derecho
TS-02983,gobierno
TS-02984,medicina
TS-02985,gobierno
TS-02986,administracion_empresas
TS-02987,medicina
TS-02988,gobierno
TS-02989,economia
TS-02990,medicina
TS-02991,medicina
TS-02992,economia
TS-02993,administracion_empresas
TS-02994,administracion_empresas
TS-02995,medicina
TS-02996,medicina
TS-02997,administracion_empresas
TS-02998,derecho
TS-02999,administracion_empresas
TS-03000,gobierno
TS-03001,medicina
TS-03002,gobierno
TS-03003,medicina
TS-03004,medicina
TS-03005,gobierno
TS-03006,administracion_empresas
TS-03007,medicina
TS-03008,gobierno
TS-03009,medicina
TS-03010,medicina
TS-03011,gobierno
TS-03012,administracion_empresas
TS-03013,administracion_empresas
TS-03014,derecho
TS-03015,administracion_empresas
TS-03016,gobierno
TS-03017,gobierno
TS-03018,medicina
TS-03019,administracion_empresas
TS-03020,medicina
TS-03021,gobierno
TS-03022,derecho
TS-03023,medicina
TS-03024,administracion_empresas
TS-03025,gobierno
TS-03026,medicina
TS-03027,medicina
TS-03028,gobierno
TS-03029,administracion_empresas
TS-03030,administracion_empresas
TS-03031,derecho
TS-03032,derecho
TS-03033,gobierno
TS-03034,medicina
TS-03035,administracion_empresas
TS-03036,gobierno
TS-03037,administracion_empresas
TS-03038,administracion_empresas
TS-03039,medicina
TS-03040,gobierno
TS-03041,administracion_empresas
TS-03042,gobierno
TS-03043,administracion_empresas
TS-03044,administracion_empresas
TS-03045,derecho
TS-03046,gobierno
TS-03047,gobierno
TS-03048,administracion_empresas
TS-03049,administracion_empresas
TS-03050,medicina
TS-03051,derecho
TS-03052,economia
TS-03053,gobierno
TS-03054,administracion_empresas
TS-03055,medicina
TS-03056,administracion_empresas
TS-03057,gobierno
TS-03058,derecho
TS-03059,gobierno
TS-03060,medicina
TS-03061,administracion_empresas
TS-03062,medicina
TS-03063,medicina
TS-03064,administracion_empresas
TS-03065,administracion_empresas
TS-03066,administracion_empresas
TS-03067,medicina
TS-03068,administracion_empresas
TS-03069,derecho
TS-03070,administracion_empresas
TS-03071,medicina
TS-03072,medicina
TS-03073,administracion_empresas
TS-03074,administracion_empresas
TS-03075,medicina
TS-03076,medicina
TS-03077,administracion_empresas
TS-03078,medicina
TS-03079,derecho
TS-03080,administracion_empresas
TS-03081,medicina
TS-03082,medicina
TS-03083,medicina
TS-03084,gobierno
TS-03085,medicina
TS-03086,gobierno
TS-03087,medicina
TS-03088,derecho
TS-03089,gobierno
TS-03090,derecho
TS-03091,medicina
TS-03092,gobierno
TS-03093,gobierno
TS-03094,gobierno
TS-03095,administracion_empresas
TS-03096,gobierno
TS-03097,gobierno
TS-03098,gobierno
TS-03099,derecho
TS-03100,gobierno
TS-03101,administracion_empresas
TS-03102,gobierno
TS-03103,administracion_empresas
TS-03104,medicina
TS-03105,administracion_empresas
TS-03106,gobierno
TS-03107,gobierno
TS-03108,administracion_empresas
TS-03109,administracion_empresas
TS-03110,derecho
TS-03111,administracion_empresas
TS-03112,gobierno
TS-03113,medicina
TS-03114,administracion_empresas
TS-03115,administracion_empresas
TS-03116,medicina
TS-03117,administracion_empresas
TS-03118,gobierno
TS-03119,medicina
TS-03120,derecho
TS-03121,administracion_empresas
TS-03122,administracion_empresas
TS-03123,administracion_empresas
TS-03124,administracion_empresas
TS-03125,administracion_empresas
TS-03126,medicina
TS-03127,medicina
TS-03128,administracion_empresas
TS-03129,gobierno
TS-03130,administracion_empresas
TS-03131,medicina
TS-03132,administracion_empresas
TS-03133,medicina
TS-03134,medicina
TS-03135,medicina
TS-03136,medicina
TS-03137,gobierno
TS-03138,administracion_empresas
TS-03139,gobierno
TS-03140,derecho
TS-03141,administracion_empresas
TS-03142,administracion_empresas
TS-03143,gobierno
TS-03144,medicina
TS-03145,medicina
TS-03146,gobierno
TS-03147,medicina
TS-03148,gobierno
TS-03149,medicina
TS-03150,medicina
TS-03151,gobierno
TS-03152,medicina
TS-03153,derecho
TS-03154,medicina
TS-03155,administracion_empresas
TS-03156,gobierno
TS-03157,medicina
TS-03158,medicina
TS-03159,gobierno
TS-03160,derecho
TS-03161,gobierno
TS-03162,administracion_empresas
TS-03163,gobierno
TS-03164,medicina
TS-03165,administracion_empresas
TS-03166,derecho
TS-03167,medicina
TS-03168,gobierno
TS-03169,medicina
TS-03170,medicina
TS-03171,administracion_empresas
TS-03172,derecho
TS-03173,medicina
TS-03174,derecho
TS-03175,derecho
TS-03176,medicina
TS-03177,medicina
TS-03178,medicina
TS-03179,derecho
TS-03180,derecho
TS-03181,medicina
TS-03182,gobierno
TS-03183,administracion_empresas
TS-03184,administracion_empresas
TS-03185,medicina
TS-03186,derecho
TS-03187,gobierno
TS-03188,gobierno
TS-03189,gobierno
TS-03190,derecho
TS-03191,administracion_empresas
TS-03192,administracion_empresas
TS-03193,medicina
TS-03194,administracion_empresas
TS-03195,administracion_empresas
TS-03196,medicina
TS-03197,medicina
TS-03198,derecho
TS-03199,derecho
TS-03200,medicina
TS-03201,medicina
TS-03202,medicina
TS-03203,medicina
TS-03204,administracion_empresas
TS-03205,administracion_empresas
TS-03206,administracion_empresas
TS-03207,gobierno
TS-03208,gobierno
TS-03209,derecho
TS-03210,medicina
TS-03211,derecho
TS-03212,derecho
TS-03213,administracion_empresas
TS-03214,administracion_empresas
TS-03215,derecho
TS-03216,medicina
TS-03217,medicina
TS-03218,medicina
TS-03219,medicina
TS-03220,administracion_empresas
TS-03221,medicina
TS-03222,medicina
TS-03223,economia
TS-03224,medicina
TS-03225,derecho
TS-03226,gobierno
TS-03227,derecho
TS-03228,administracion_empresas
TS-03229,gobierno
TS-03230,gobierno
TS-03231,medicina
TS-03232,medicina
TS-03233,medicina
TS-03234,administracion_empresas
TS-03235,derecho
TS-03236,administracion_empresas
TS-03237,derecho
TS-03238,medicina
TS-03239,medicina
TS-03240,administracion_empresas
TS-03241,administracion_empresas
TS-03242,gobierno
TS-03243,gobierno
TS-03244,administracion_empresas
TS-03245,derecho
TS-03246,gobierno
TS-03247,derecho
TS-03248,derecho
TS-03249,administracion_empresas
TS-03250,administracion_empresas
TS-03251,medicina
TS-03252,gobierno
TS-03253,medicina
TS-03254,administracion_empresas
TS-03255,gobierno
TS-03256,administracion_empresas
TS-03257,derecho
TS-03258,medicina
TS-03259,gobierno
TS-03260,derecho
TS-03261,administracion_empresas
TS-03262,economia
TS-03263,economia
TS-03264,administracion_empresas
TS-03265,medicina
TS-03266,derecho
TS-03267,derecho
TS-03268,medicina
TS-03269,administracion_empresas
TS-03270,medicina
TS-03271,medicina
TS-03272,derecho
TS-03273,derecho
TS-03274,administracion_empresas
TS-03275,derecho
TS-03276,medicina
TS-03277,administracion_empresas
TS-03278,medicina
TS-03279,medicina
TS-03280,administracion_empresas
TS-03281,medicina
TS-03282,medicina
TS-03283,medicina
TS-03284,gobierno
TS-03285,administracion_empresas
TS-03286,gobierno
TS-03287,administracion_empresas
TS-03288,gobierno
TS-03289,medicina
TS-03290,medicina
TS-03291,derecho
TS-03292,medicina
TS-03293,gobierno
TS-03294,administracion_empresas
TS-03295,administracion_empresas
TS-03296,economia
TS-03297,administracion_empresas
TS-03298,gobierno
TS-03299,administracion_empresas
TS-03300,derecho
TS-03301,gobierno
TS-03302,medicina
TS-03303,administracion_empresas
TS-03304,medicina
TS-03305,derecho
TS-03306,administracion_empresas
TS-03307,administracion_empresas
TS-03308,medicina
TS-03309,administracion_empresas
TS-03310,medicina
TS-03311,administracion_empresas
TS-03312,economia
TS-03313,administracion_empresas
TS-03314,derecho
TS-03315,gobierno
TS-03316,economia
TS-03317,derecho
TS-03318,administracion_empresas
TS-03319,gobierno
TS-03320,medicina
TS-03321,gobierno
TS-03322,gobierno
TS-03323,derecho
TS-03324,administracion_empresas
TS-03325,administracion_empresas
TS-03326,gobierno
TS-03327,medicina
TS-03328,medicina
TS-03329,derecho
TS-03330,gobierno
TS-03331,administracion_empresas
TS-03332,economia
TS-03333,economia
TS-03334,gobierno
TS-03335,derecho
TS-03336,medicina
TS-03337,administracion_empresas
TS-03338,administracion_empresas
TS-03339,medicina
TS-03340,administracion_empresas
TS-03341,administracion_empresas
TS-03342,economia
TS-03343,medicina
TS-03344,gobierno
TS-03345,derecho
TS-03346,gobierno
TS-03347,gobierno
TS-03348,economia
TS-03349,economia
TS-03350,economia
TS-03351,medicina
TS-03352,administracion_empresas
TS-03353,gobierno
TS-03354,administracion_empresas
TS-03355,economia
TS-03356,derecho
TS-03357,administracion_empresas
TS-03358,derecho
TS-03359,gobierno
TS-03360,medicina
TS-03361,medicina
TS-03362,administracion_empresas
TS-03363,gobierno
TS-03364,administracion_empresas
TS-03365,gobierno
TS-03366,medicina
TS-03367,economia
TS-03368,medicina
TS-03369,gobierno
TS-03370,medicina
TS-03371,medicina
TS-03372,medicina
TS-03373,gobierno
TS-03374,medicina
TS-03375,derecho
TS-03376,economia
TS-03377,gobierno
TS-03378,gobierno
TS-03379,medicina
TS-03380,gobierno
TS-03381,gobierno
TS-03382,administracion_empresas
TS-03383,derecho
TS-03384,administracion_empresas
TS-03385,medicina
TS-03386,administracion_empresas
TS-03387,medicina
TS-03388,administracion_empresas
TS-03389,medicina
TS-03390,administracion_empresas
TS-03391,medicina
TS-03392,medicina
TS-03393,administracion_empresas
TS-03394,derecho
TS-03395,derecho
TS-03396,gobierno
TS-03397,gobierno
TS-03398,derecho
TS-03399,derecho
TS-03400,administracion_empresas
TS-03401,gobierno
TS-03402,administracion_empresas
TS-03403,medicina
TS-03404,gobierno
TS-03405,medicina
TS-03406,gobierno
TS-03407,gobierno
TS-03408,administracion_empresas
TS-03409,gobierno
TS-03410,medicina
TS-03411,derecho
TS-03412,gobierno
TS-03413,gobierno
TS-03414,medicina
TS-03415,gobierno
TS-03416,economia
TS-03417,medicina
TS-03418,derecho
TS-03419,gobierno
TS-03420,medicina
TS-03421,gobierno
TS-03422,gobierno
TS-03423,gobierno
TS-03424,derecho
TS-03425,administracion_empresas
TS-03426,medicina
TS-03427,gobierno
TS-03428,economia
TS-03429,derecho
TS-03430,medicina
TS-03431,administracion_empresas
TS-03432,gobierno
TS-03433,administracion_empresas
TS-03434,administracion_empresas
TS-03435,economia
TS-03436,administracion_empresas
TS-03437,administracion_empresas
TS-03438,medicina
TS-03439,economia
TS-03440,medicina
TS-03441,administracion_empresas
TS-03442,medicina
TS-03443,gobierno
TS-03444,medicina
TS-03445,gobierno
TS-03446,administracion_empresas
TS-03447,derecho
TS-03448,medicina
TS-03449,medicina
TS-03450,administracion_empresas
TS-03451,administracion_empresas
TS-03452,medicina
TS-03453,gobierno
TS-03454,administracion_empresas
TS-03455,administracion_empresas
TS-03456,gobierno
TS-03457,administracion_empresas
TS-03458,derecho
TS-03459,medicina
TS-03460,administracion_empresas
TS-03461,medicina
TS-03462,gobierno
TS-03463,medicina
TS-03464,administracion_empresas
TS-03465,medicina
TS-03466,gobierno
TS-03467,gobierno
TS-03468,medicina
TS-03469,administracion_empresas
TS-03470,administracion_empresas
TS-03471,gobierno
TS-03472,gobierno
TS-03473,medicina
TS-03474,gobierno
TS-03475,administracion_empresas
TS-03476,medicina
TS-03477,medicina
TS-03478,administracion_empresas
TS-03479,administracion_empresas
TS-03480,administracion_empresas
TS-03481,administracion_empresas
TS-03482,medicina
TS-03483,administracion_empresas
TS-03484,medicina
TS-03485,gobierno
TS-03486,derecho
TS-03487,gobierno
TS-03488,derecho
TS-03489,economia
TS-03490,medicina
TS-03491,administracion_empresas
TS-03492,administracion_empresas
TS-03493,medicina
TS-03494,medicina
TS-03495,derecho
TS-03496,medicina
TS-03497,medicina
TS-03498,medicina
TS-03499,medicina
TS-03500,economia
TS-03501,gobierno
TS-03502,administracion_empresas
TS-03503,medicina
TS-03504,derecho
TS-03505,administracion_empresas
TS-03506,administracion_empresas
TS-03507,administracion_empresas
TS-03508,gobierno
TS-03509,administracion_empresas
TS-03510,derecho
TS-03511,derecho
TS-03512,derecho
TS-03513,medicina
TS-03514,administracion_empresas
TS-03515,administracion_empresas
TS-03516,medicina
TS-03517,administracion_empresas
TS-03518,administracion_empresas
TS-03519,administracion_empresas
TS-03520,medicina
TS-03521,medicina
TS-03522,derecho
TS-03523,gobierno
TS-03524,administracion_empresas
TS-03525,medicina
TS-03526,gobierno
TS-03527,administracion_empresas
TS-03528,administracion_empresas
TS-03529,gobierno
TS-03530,administracion_empresas
TS-03531,gobierno
TS-03532,medicina
TS-03533,administracion_empresas
TS-03534,administracion_empresas
TS-03535,medicina
TS-03536,medicina
TS-03537,derecho
TS-03538,medicina
TS-03539,economia
TS-03540,derecho
TS-03541,administracion_empresas
TS-03542,administracion_empresas
TS-03543,economia
TS-03544,administracion_empresas
TS-03545,medicina
TS-03546,administracion_empresas
TS-03547,medicina
TS-03548,administracion_empresas
TS-03549,medicina
TS-03550,gobierno
TS-03551,medicina
TS-03552,economia
TS-03553,gobierno
TS-03554,medicina
TS-03555,medicina
TS-03556,medicina
TS-03557,gobierno
TS-03558,administracion_empresas
TS-03559,economia
TS-03560,administracion_empresas
TS-03561,gobierno
TS-03562,derecho
TS-03563,medicina
TS-03564,administracion_empresas
TS-03565,gobierno
TS-03566,gobierno
TS-03567,administracion_empresas
TS-03568,administracion_empresas
TS-03569,medicina
TS-03570,administracion_empresas
TS-03571,medicina
TS-03572,administracion_empresas
TS-03573,derecho
TS-03574,derecho
TS-03575,gobierno
TS-03576,medicina
TS-03577,medicina
TS-03578,medicina
TS-03579,medicina
TS-03580,administracion_empresas
TS-03581,derecho
TS-03582,gobierno
TS-03583,gobierno
TS-03584,administracion_empresas
TS-03585,economia
TS-03586,gobierno
TS-03587,medicina
TS-03588,administracion_empresas
TS-03589,gobierno
TS-03590,derecho
TS-03591,administracion_empresas
TS-03592,medicina
TS-03593,derecho
TS-03594,derecho
TS-03595,derecho
TS-03596,administracion_empresas
TS-03597,gobierno
TS-03598,gobierno
TS-03599,administracion_empresas
TS-03600,derecho
TS-03601,medicina
TS-03602,medicina
TS-03603,gobierno
TS-03604,derecho
TS-03605,medicina
TS-03606,medicina
TS-03607,gobierno
TS-03608,derecho
TS-03609,administracion_empresas
TS-03610,economia
TS-03611,medicina
TS-03612,gobierno
TS-03613,medicina
TS-03614,medicina
TS-03615,administracion_empresas
TS-03616,administracion_empresas
TS-03617,administracion_empresas
TS-03618,derecho
TS-03619,derecho
TS-03620,administracion_empresas
TS-03621,gobierno
TS-03622,derecho
TS-03623,administracion_empresas
TS-03624,administracion_empresas
TS-03625,administracion_empresas
TS-03626,medicina
TS-03627,gobierno
TS-03628,administracion_empresas
TS-03629,gobierno
TS-03630,medicina
TS-03631,gobierno
TS-03632,administracion_empresas
TS-03633,administracion_empresas
TS-03634,gobierno
TS-03635,administracion_empresas
TS-03636,medicina
TS-03637,administracion_empresas
TS-03638,gobierno
TS-03639,administracion_empresas
TS-03640,administracion_empresas
TS-03641,gobierno
TS-03642,derecho
TS-03643,administracion_empresas
TS-03644,medicina
TS-03645,administracion_empresas
TS-03646,administracion_empresas
TS-03647,administracion_empresas
TS-03648,administracion_empresas
TS-03649,gobierno
TS-03650,gobierno
TS-03651,economia
TS-03652,derecho
TS-03653,gobierno
TS-03654,derecho
TS-03655,medicina
TS-03656,administracion_empresas
TS-03657,economia
TS-03658,gobierno
TS-03659,economia
TS-03660,medicina
TS-03661,administracion_empresas
TS-03662,derecho
TS-03663,economia
TS-03664,administracion_empresas
TS-03665,medicina
TS-03666,administracion_empresas
TS-03667,gobierno
TS-03668,gobierno
TS-03669,administracion_empresas
TS-03670,administracion_empresas
TS-03671,medicina
TS-03672,administracion_empresas
TS-03673,derecho
TS-03674,medicina
TS-03675,gobierno
TS-03676,medicina
TS-03677,gobierno
TS-03678,economia
TS-03679,medicina
TS-03680,economia
TS-03681,medicina
TS-03682,administracion_empresas
TS-03683,derecho
TS-03684,derecho
TS-03685,medicina
TS-03686,derecho
TS-03687,administracion_empresas
TS-03688,administracion_empresas
TS-03689,administracion_empresas
TS-03690,administracion_empresas
TS-03691,medicina
TS-03692,administracion_empresas
TS-03693,derecho
TS-03694,medicina
TS-03695,administracion_empresas
TS-03696,administracion_empresas
TS-03697,gobierno
TS-03698,gobierno
TS-03699,administracion_empresas
TS-03700,medicina
TS-03701,administracion_empresas
TS-03702,derecho
TS-03703,gobierno
TS-03704,gobierno
TS-03705,administracion_empresas
TS-03706,administracion_empresas
TS-03707,economia
TS-03708,derecho
TS-03709,economia
TS-03710,medicina
TS-03711,gobierno
TS-03712,medicina
TS-03713,administracion_empresas
TS-03714,administracion_empresas
TS-03715,gobierno
TS-03716,medicina
TS-03717,administracion_empresas
TS-03718,gobierno
TS-03719,medicina
TS-03720,derecho
TS-03721,administracion_empresas
TS-03722,gobierno
TS-03723,medicina
TS-03724,gobierno
TS-03725,administracion_empresas
TS-03726,gobierno
TS-03727,administracion_empresas
TS-03728,administracion_empresas
TS-03729,medicina
TS-03730,derecho
TS-03731,administracion_empresas
TS-03732,administracion_empresas
TS-03733,gobierno
TS-03734,medicina
TS-03735,administracion_empresas
TS-03736,administracion_empresas
TS-03737,medicina
TS-03738,gobierno
TS-03739,economia
TS-03740,administracion_empresas
TS-03741,administracion_empresas
TS-03742,gobierno
TS-03743,administracion_empresas
TS-03744,administracion_empresas
TS-03745,administracion_empresas
TS-03746,gobierno
TS-03747,administracion_empresas
TS-03748,economia
TS-03749,medicina
TS-03750,gobierno
TS-03751,administracion_empresas
TS-03752,medicina
TS-03753,economia
TS-03754,administracion_empresas
TS-03755,administracion_empresas
TS-03756,administracion_empresas
TS-03757,administracion_empresas
TS-03758,gobierno
TS-03759,administracion_empresas
TS-03760,administracion_empresas
TS-03761,medicina
TS-03762,medicina
TS-03763,administracion_empresas
TS-03764,administracion_empresas
TS-03765,administracion_empresas
TS-03766,medicina
TS-03767,derecho
TS-03768,administracion_empresas
TS-03769,administracion_empresas
TS-03770,medicina
TS-03771,administracion_empresas
TS-03772,administracion_empresas
TS-03773,economia
TS-03774,gobierno
TS-03775,administracion_empresas
TS-03776,medicina
TS-03777,medicina
TS-03778,derecho
TS-03779,medicina
TS-03780,gobierno
TS-03781,derecho
TS-03782,administracion_empresas
TS-03783,medicina
TS-03784,medicina
TS-03785,medicina
TS-03786,medicina
TS-03787,gobierno
TS-03788,gobierno
TS-03789,medicina
TS-03790,administracion_empresas
TS-03791,medicina
TS-03792,derecho
TS-03793,administracion_empresas
TS-03794,administracion_empresas
TS-03795,medicina
TS-03796,administracion_empresas
TS-03797,economia
TS-03798,administracion_empresas
TS-03799,derecho
TS-03800,medicina
TS-03801,medicina
TS-03802,administracion_empresas
TS-03803,administracion_empresas
TS-03804,gobierno
TS-03805,administracion_empresas
TS-03806,derecho
TS-03807,administracion_empresas
TS-03808,medicina
TS-03809,administracion_empresas
TS-03810,gobierno
TS-03811,administracion_empresas
TS-03812,gobierno
TS-03813,gobierno
TS-03814,derecho
TS-03815,derecho
TS-03816,derecho
TS-03817,medicina
TS-03818,medicina
TS-03819,administracion_empresas
TS-03820,gobierno
TS-03821,administracion_empresas
TS-03822,gobierno
TS-03823,administracion_empresas
TS-03824,medicina
TS-03825,administracion_empresas
TS-03826,administracion_empresas
TS-03827,administracion_empresas
TS-03828,administracion_empresas
TS-03829,derecho
TS-03830,medicina
TS-03831,administracion_empresas
TS-03832,derecho
TS-03833,administracion_empresas
TS-03834,derecho
TS-03835,medicina
TS-03836,medicina
TS-03837,gobierno
TS-03838,derecho
TS-03839,administracion_empresas
TS-03840,medicina
TS-03841,derecho
TS-03842,medicina
TS-03843,administracion_empresas
TS-03844,administracion_empresas
TS-03845,medicina
TS-03846,gobierno
TS-03847,derecho
TS-03848,administracion_empresas
TS-03849,gobierno
TS-03850,derecho
TS-03851,administracion_empresas
TS-03852,gobierno
TS-03853,administracion_empresas
TS-03854,gobierno
TS-03855,medicina
TS-03856,economia
TS-03857,derecho
TS-03858,medicina
TS-03859,administracion_empresas
TS-03860,gobierno
TS-03861,economia
TS-03862,administracion_empresas
TS-03863,administracion_empresas
TS-03864,medicina
TS-03865,administracion_empresas
TS-03866,administracion_empresas
TS-03867,derecho
TS-03868,medicina
TS-03869,gobierno
TS-03870,medicina
TS-03871,derecho
TS-03872,medicina
TS-03873,gobierno
TS-03874,medicina
TS-03875,medicina
TS-03876,administracion_empresas
TS-03877,administracion_empresas
TS-03878,medicina
TS-03879,administracion_empresas
TS-03880,derecho
TS-03881,medicina
TS-03882,medicina
TS-03883,derecho
TS-03884,medicina
TS-03885,administracion_empresas
TS-03886,derecho
TS-03887,gobierno
TS-03888,administracion_empresas
TS-03889,medicina
TS-03890,medicina
TS-03891,medicina
TS-03892,administracion_empresas
TS-03893,gobierno
TS-03894,administracion_empresas
TS-03895,administracion_empresas
TS-03896,administracion_empresas
TS-03897,gobierno
TS-03898,gobierno
TS-03899,medicina
TS-03900,administracion_empresas
TS-03901,medicina
TS-03902,derecho
TS-03903,gobierno
TS-03904,medicina
TS-03905,administracion_empresas
TS-03906,medicina
TS-03907,gobierno
TS-03908,gobierno
TS-03909,derecho
TS-03910,medicina
TS-03911,administracion_empresas
TS-03912,gobierno
TS-03913,medicina
TS-03914,gobierno
TS-03915,medicina
TS-03916,economia
TS-03917,administracion_empresas
TS-03918,medicina
TS-03919,gobierno
TS-03920,economia
TS-03921,medicina
TS-03922,medicina
TS-03923,gobierno
TS-03924,gobierno
TS-03925,medicina
TS-03926,administracion_empresas
TS-03927,administracion_empresas
TS-03928,medicina
TS-03929,medicina
TS-03930,gobierno
TS-03931,gobierno
TS-03932,gobierno
TS-03933,administracion_empresas
TS-03934,gobierno
TS-03935,gobierno
TS-03936,administracion_empresas
TS-03937,gobierno
TS-03938,medicina
TS-03939,administracion_empresas
TS-03940,derecho
TS-03941,medicina
TS-03942,derecho
TS-03943,medicina
TS-03944,derecho
TS-03945,gobierno
TS-03946,administracion_empresas
TS-03947,administracion_empresas
TS-03948,gobierno
TS-03949,medicina
TS-03950,administracion_empresas
TS-03951,medicina
TS-03952,administracion_empresas
TS-03953,medicina
TS-03954,derecho
TS-03955,medicina
TS-03956,gobierno
TS-03957,administracion_empresas
TS-03958,administracion_empresas
TS-03959,medicina
TS-03960,economia
TS-03961,medicina
TS-03962,medicina
TS-03963,administracion_empresas
TS-03964,economia
TS-03965,administracion_empresas
TS-03966,medicina
TS-03967,gobierno
TS-03968,administracion_empresas
TS-03969,medicina
TS-03970,administracion_empresas
TS-03971,gobierno
TS-03972,administracion_empresas
TS-03973,administracion_empresas
TS-03974,administracion_empresas
TS-03975,administracion_empresas
TS-03976,administracion_empresas
TS-03977,administracion_empresas
TS-03978,gobierno
TS-03979,medicina
TS-03980,gobierno
TS-03981,economia
TS-03982,economia
TS-03983,medicina
TS-03984,medicina
TS-03985,derecho
TS-03986,medicina
TS-03987,medicina
TS-03988,gobierno
TS-03989,gobierno
TS-03990,economia
TS-03991,administracion_empresas
TS-03992,administracion_empresas
TS-03993,administracion_empresas
TS-03994,derecho
TS-03995,medicina
TS-03996,gobierno
TS-03997,derecho
TS-03998,derecho
TS-03999,administracion_empresas
TS-04000,economia
TS-04001,derecho
TS-04002,medicina
TS-04003,medicina
TS-04004,derecho
TS-04005,medicina
TS-04006,medicina
TS-04007,gobierno
TS-04008,economia
TS-04009,administracion_empresas
TS-04010,gobierno
TS-04011,administracion_empresas
TS-04012,administracion_empresas
TS-04013,administracion_empresas
TS-04014,medicina
TS-04015,administracion_empresas
TS-04016,gobierno
TS-04017,gobierno
TS-04018,derecho
TS-04019,administracion_empresas
TS-04020,administracion_empresas
TS-04021,gobierno
TS-04022,medicina
TS-04023,medicina
TS-04024,gobierno
TS-04025,administracion_empresas
TS-04026,gobierno
TS-04027,economia
TS-04028,administracion_empresas
TS-04029,medicina
TS-04030,medicina
TS-04031,administracion_empresas
TS-04032,administracion_empresas
TS-04033,gobierno
TS-04034,administracion_empresas
TS-04035,administracion_empresas
TS-04036,economia
TS-04037,gobierno
TS-04038,administracion_empresas
TS-04039,economia
TS-04040,medicina
TS-04041,administracion_empresas
TS-04042,medicina
TS-04043,administracion_empresas
TS-04044,economia
TS-04045,administracion_empresas
TS-04046,administracion_empresas
TS-04047,medicina
TS-04048,gobierno
TS-04049,economia
TS-04050,medicina
TS-04051,medicina
TS-04052,derecho
TS-04053,medicina
TS-04054,administracion_empresas
TS-04055,administracion_empresas
TS-04056,administracion_empresas
TS-04057,derecho
TS-04058,medicina
TS-04059,medicina
TS-04060,medicina
TS-04061,derecho
TS-04062,medicina
TS-04063,administracion_empresas
TS-04064,administracion_empresas
TS-04065,gobierno
TS-04066,economia
TS-04067,medicina
TS-04068,gobierno
TS-04069,administracion_empresas
TS-04070,administracion_empresas
TS-04071,medicina
TS-04072,gobierno
TS-04073,derecho
TS-04074,gobierno
TS-04075,administracion_empresas
TS-04076,derecho
TS-04077,medicina
TS-04078,derecho
TS-04079,gobierno
TS-04080,administracion_empresas
TS-04081,administracion_empresas
TS-04082,administracion_empresas
TS-04083,administracion_empresas
TS-04084,administracion_empresas
TS-04085,administracion_empresas
TS-04086,gobierno
TS-04087,economia
TS-04088,medicina
TS-04089,administracion_empresas
TS-04090,gobierno
TS-04091,administracion_empresas
TS-04092,gobierno
TS-04093,administracion_empresas
TS-04094,administracion_empresas
TS-04095,gobierno
TS-04096,gobierno
TS-04097,derecho
TS-04098,medicina
TS-04099,derecho
TS-04100,medicina
TS-04101,gobierno
TS-04102,administracion_empresas
TS-04103,administracion_empresas
TS-04104,gobierno
TS-04105,administracion_empresas
TS-04106,administracion_empresas
TS-04107,medicina
TS-04108,gobierno
TS-04109,administracion_empresas
TS-04110,gobierno
TS-04111,derecho
TS-04112,gobierno
TS-04113,gobierno
TS-04114,administracion_empresas
TS-04115,derecho
TS-04116,medicina
TS-04117,administracion_empresas
TS-04118,administracion_empresas
TS-04119,derecho
TS-04120,medicina
TS-04121,gobierno
TS-04122,administracion_empresas
TS-04123,administracion_empresas
TS-04124,gobierno
TS-04125,medicina
TS-04126,administracion_empresas
TS-04127,derecho
TS-04128,medicina
TS-04129,derecho
TS-04130,administracion_empresas
TS-04131,derecho
TS-04132,administracion_empresas
TS-04133,administracion_empresas
TS-04134,derecho
TS-04135,medicina
TS-04136,gobierno
TS-04137,gobierno
TS-04138,administracion_empresas
TS-04139,medicina
TS-04140,medicina
TS-04141,medicina
TS-04142,economia
TS-04143,administracion_empresas
TS-04144,administracion_empresas
TS-04145,medicina
TS-04146,administracion_empresas
TS-04147,gobierno
TS-04148,gobierno
TS-04149,gobierno
TS-04150,medicina
TS-04151,economia
TS-04152,administracion_empresas
TS-04153,administracion_empresas
TS-04154,medicina
TS-04155,administracion_empresas
TS-04156,gobierno
TS-04157,medicina
TS-04158,administracion_empresas
TS-04159,economia
TS-04160,medicina
TS-04161,administracion_empresas
TS-04162,medicina
TS-04163,medicina
TS-04164,medicina
TS-04165,gobierno
TS-04166,medicina
TS-04167,derecho
TS-04168,administracion_empresas
TS-04169,economia
TS-04170,administracion_empresas
TS-04171,economia
TS-04172,gobierno
TS-04173,administracion_empresas
TS-04174,administracion_empresas
TS-04175,medicina
TS-04176,economia
TS-04177,economia
TS-04178,medicina
TS-04179,medicina
TS-04180,derecho
TS-04181,administracion_empresas
TS-04182,gobierno
TS-04183,gobierno
TS-04184,derecho
TS-04185,medicina
TS-04186,medicina
TS-04187,administracion_empresas
TS-04188,gobierno
TS-04189,gobierno
TS-04190,derecho
TS-04191,administracion_empresas
TS-04192,medicina
TS-04193,economia
TS-04194,derecho
TS-04195,administracion_empresas
TS-04196,administracion_empresas
TS-04197,medicina
TS-04198,administracion_empresas
TS-04199,gobierno
TS-04200,gobierno
TS-04201,medicina
TS-04202,medicina
TS-04203,derecho
TS-04204,medicina
TS-04205,medicina
TS-04206,medicina
TS-04207,medicina
TS-04208,administracion_empresas
TS-04209,administracion_empresas
TS-04210,medicina
TS-04211,gobierno
TS-04212,gobierno
TS-04213,administracion_empresas
TS-04214,gobierno
TS-04215,gobierno
TS-04216,economia
TS-04217,derecho
TS-04218,administracion_empresas
TS-04219,gobierno
TS-04220,administracion_empresas
TS-04221,administracion_empresas
TS-04222,administracion_empresas
TS-04223,administracion_empresas
TS-04224,gobierno
TS-04225,gobierno
TS-04226,medicina
TS-04227,medicina
TS-04228,administracion_empresas
TS-04229,derecho
TS-04230,administracion_empresas
TS-04231,administracion_empresas
TS-04232,gobierno
TS-04233,gobierno
TS-04234,administracion_empresas
TS-04235,medicina
TS-04236,derecho
TS-04237,medicina
TS-04238,administracion_empresas
TS-04239,medicina
TS-04240,economia
TS-04241,economia
TS-04242,derecho
TS-04243,medicina
TS-04244,medicina
TS-04245,administracion_empresas
TS-04246,medicina
TS-04247,gobierno
TS-04248,derecho
TS-04249,derecho
TS-04250,administracion_empresas
TS-04251,medicina
TS-04252,administracion_empresas
TS-04253,gobierno
TS-04254,medicina
TS-04255,medicina
TS-04256,gobierno
TS-04257,administracion_empresas
TS-04258,medicina
TS-04259,gobierno
TS-04260,economia
TS-04261,gobierno
TS-04262,derecho
TS-04263,administracion_empresas
TS-04264,medicina
TS-04265,derecho
TS-04266,administracion_empresas
TS-04267,administracion_empresas
TS-04268,administracion_empresas
TS-04269,administracion_empresas
TS-04270,administracion_empresas
TS-04271,medicina
TS-04272,gobierno
TS-04273,administracion_empresas
TS-04274,medicina
TS-04275,administracion_empresas
TS-04276,derecho
TS-04277,medicina
TS-04278,medicina
TS-04279,gobierno
TS-04280,medicina
TS-04281,derecho
TS-04282,gobierno
TS-04283,medicina
TS-04284,administracion_empresas
TS-04285,derecho
TS-04286,administracion_empresas
TS-04287,derecho
TS-04288,medicina
TS-04289,administracion_empresas
TS-04290,medicina
TS-04291,gobierno
TS-04292,economia
TS-04293,medicina
TS-04294,gobierno
TS-04295,administracion_empresas
TS-04296,medicina
TS-04297,administracion_empresas
TS-04298,medicina
TS-04299,medicina
TS-04300,medicina
TS-04301,gobierno
TS-04302,derecho
TS-04303,administracion_empresas
TS-04304,medicina
TS-04305,administracion_empresas
TS-04306,gobierno
TS-04307,gobierno
TS-04308,medicina
TS-04309,economia
TS-04310,medicina
TS-04311,administracion_empresas
TS-04312,gobierno
TS-04313,gobierno
TS-04314,administracion_empresas
TS-04315,gobierno
TS-04316,gobierno
TS-04317,medicina
TS-04318,medicina
TS-04319,medicina
TS-04320,derecho
TS-04321,medicina
TS-04322,derecho
TS-04323,medicina
TS-04324,gobierno
TS-04325,economia
TS-04326,medicina
TS-04327,derecho
TS-04328,administracion_empresas
TS-04329,gobierno
TS-04330,economia
TS-04331,derecho
TS-04332,economia
TS-04333,medicina
TS-04334,medicina
TS-04335,administracion_empresas
TS-04336,administracion_empresas
TS-04337,medicina
TS-04338,gobierno
TS-04339,gobierno
TS-04340,derecho
TS-04341,gobierno
TS-04342,gobierno
TS-04343,derecho
TS-04344,administracion_empresas
TS-04345,medicina
TS-04346,administracion_empresas
TS-04347,medicina
TS-04348,gobierno
TS-04349,medicina
TS-04350,derecho
TS-04351,administracion_empresas
TS-04352,medicina
TS-04353,medicina
TS-04354,economia
TS-04355,medicina
TS-04356,medicina
TS-04357,economia
TS-04358,medicina
TS-04359,administracion_empresas
TS-04360,medicina
TS-04361,medicina
TS-04362,gobierno
TS-04363,medicina
TS-04364,gobierno
TS-04365,gobierno
TS-04366,administracion_empresas
TS-04367,administracion_empresas
TS-04368,medicina
TS-04369,administracion_empresas
TS-04370,gobierno
TS-04371,medicina
TS-04372,medicina
TS-04373,administracion_empresas
TS-04374,gobierno
TS-04375,medicina
TS-04376,medicina
TS-04377,medicina
TS-04378,administracion_empresas
TS-04379,medicina
TS-04380,medicina
TS-04381,gobierno
TS-04382,medicina
TS-04383,gobierno
TS-04384,medicina
TS-04385,economia
TS-04386,gobierno
TS-04387,gobierno
TS-04388,derecho
TS-04389,administracion_empresas
TS-04390,medicina
TS-04391,gobierno
TS-04392,administracion_empresas
TS-04393,derecho
TS-04394,medicina
TS-04395,gobierno
TS-04396,administracion_empresas
TS-04397,gobierno
TS-04398,gobierno
TS-04399,gobierno
TS-04400,medicina
TS-04401,administracion_empresas
TS-04402,gobierno
TS-04403,medicina
TS-04404,gobierno
TS-04405,medicina
TS-04406,medicina
TS-04407,administracion_empresas
TS-04408,administracion_empresas
TS-04409,medicina
TS-04410,derecho
TS-04411,administracion_empresas
TS-04412,gobierno
TS-04413,gobierno
TS-04414,medicina
TS-04415,medicina
TS-04416,medicina
TS-04417,medicina
TS-04418,medicina
TS-04419,gobierno
TS-04420,economia
TS-04421,derecho
TS-04422,administracion_empresas
TS-04423,medicina
TS-04424,administracion_empresas
TS-04425,derecho
TS-04426,administracion_empresas
TS-04427,administracion_empresas
TS-04428,administracion_empresas
TS-04429,medicina
TS-04430,gobierno
TS-04431,derecho
TS-04432,gobierno
TS-04433,gobierno
TS-04434,economia
TS-04435,administracion_empresas
TS-04436,derecho
TS-04437,gobierno
TS-04438,medicina
TS-04439,derecho
TS-04440,administracion_empresas
TS-04441,administracion_empresas
TS-04442,derecho
TS-04443,medicina
TS-04444,derecho
TS-04445,derecho
TS-04446,medicina
TS-04447,administracion_empresas
TS-04448,medicina
TS-04449,administracion_empresas
TS-04450,administracion_empresas
TS-04451,medicina
TS-04452,medicina
TS-04453,gobierno
TS-04454,administracion_empresas
TS-04455,administracion_empresas
TS-04456,medicina
TS-04457,administracion_empresas
TS-04458,gobierno
TS-04459,gobierno
TS-04460,derecho
TS-04461,gobierno
TS-04462,medicina
TS-04463,derecho
TS-04464,gobierno
TS-04465,administracion_empresas
TS-04466,gobierno
TS-04467,medicina
TS-04468,gobierno
TS-04469,administracion_empresas
TS-04470,medicina
TS-04471,medicina
TS-04472,gobierno
TS-04473,gobierno
TS-04474,derecho
TS-04475,derecho
TS-04476,derecho
TS-04477,administracion_empresas
TS-04478,gobierno
TS-04479,gobierno
TS-04480,administracion_empresas
TS-04481,gobierno
TS-04482,administracion_empresas
TS-04483,administracion_empresas
TS-04484,administracion_empresas
TS-04485,gobierno
TS-04486,gobierno
TS-04487,medicina
TS-04488,medicina
TS-04489,medicina
TS-04490,gobierno
TS-04491,medicina
TS-04492,gobierno
TS-04493,administracion_empresas
TS-04494,gobierno
TS-04495,administracion_empresas
TS-04496,medicina
TS-04497,gobierno
TS-04498,derecho
TS-04499,economia
TS-04500,medicina
TS-04501,economia
TS-04502,medicina
TS-04503,administracion_empresas
TS-04504,administracion_empresas
TS-04505,derecho
TS-04506,administracion_empresas
TS-04507,derecho
TS-04508,administracion_empresas
TS-04509,administracion_empresas
TS-04510,economia
TS-04511,administracion_empresas
TS-04512,derecho
TS-04513,derecho
TS-04514,administracion_empresas
TS-04515,medicina
TS-04516,gobierno
TS-04517,medicina
TS-04518,derecho
TS-04519,administracion_empresas
TS-04520,administracion_empresas
TS-04521,administracion_empresas
TS-04522,administracion_empresas
TS-04523,administracion_empresas
TS-04524,gobierno
TS-04525,derecho
TS-04526,medicina
TS-04527,administracion_empresas
TS-04528,gobierno
TS-04529,gobierno
TS-04530,medicina
TS-04531,administracion_empresas
TS-04532,medicina
TS-04533,administracion_empresas
TS-04534,administracion_empresas
TS-04535,medicina
TS-04536,economia
TS-04537,medicina
TS-04538,gobierno
TS-04539,medicina
TS-04540,medicina
TS-04541,gobierno
TS-04542,administracion_empresas
TS-04543,medicina
TS-04544,derecho
TS-04545,medicina
TS-04546,administracion_empresas
TS-04547,gobierno
TS-04548,administracion_empresas
TS-04549,economia
TS-04550,economia
TS-04551,economia
TS-04552,medicina
TS-04553,administracion_empresas
TS-04554,medicina
TS-04555,gobierno
TS-04556,gobierno
TS-04557,gobierno
TS-04558,medicina
TS-04559,economia
TS-04560,administracion_empresas
TS-04561,derecho
TS-04562,medicina
TS-04563,administracion_empresas
TS-04564,economia
TS-04565,derecho
TS-04566,medicina
TS-04567,gobierno
TS-04568,gobierno
TS-04569,gobierno
TS-04570,derecho
TS-04571,administracion_empresas
TS-04572,medicina
TS-04573,gobierno
TS-04574,administracion_empresas
TS-04575,administracion_empresas
TS-04576,administracion_empresas
TS-04577,gobierno
TS-04578,gobierno
TS-04579,gobierno
TS-04580,gobierno
TS-04581,administracion_empresas
TS-04582,gobierno
TS-04583,medicina
TS-04584,gobierno
TS-04585,administracion_empresas
TS-04586,administracion_empresas
TS-04587,medicina
TS-04588,medicina
TS-04589,medicina
TS-04590,medicina
TS-04591,administracion_empresas
TS-04592,medicina
TS-04593,medicina
TS-04594,derecho
TS-04595,administracion_empresas
TS-04596,administracion_empresas
TS-04597,derecho
TS-04598,administracion_empresas
TS-04599,medicina
TS-04600,economia
TS-04601,gobierno
TS-04602,administracion_empresas
TS-04603,gobierno
TS-04604,medicina
TS-04605,medicina
TS-04606,derecho
TS-04607,gobierno
TS-04608,administracion_empresas
TS-04609,medicina
TS-04610,medicina
TS-04611,administracion_empresas
TS-04612,economia
TS-04613,gobierno
TS-04614,medicina
TS-04615,administracion_empresas
TS-04616,derecho
TS-04617,administracion_empresas
TS-04618,gobierno
TS-04619,administracion_empresas
TS-04620,economia
TS-04621,administracion_empresas
TS-04622,gobierno
TS-04623,economia
TS-04624,medicina
TS-04625,derecho
TS-04626,derecho
TS-04627,administracion_empresas
TS-04628,administracion_empresas
TS-04629,gobierno
TS-04630,medicina
TS-04631,derecho
TS-04632,medicina
TS-04633,gobierno
TS-04634,administracion_empresas
TS-04635,medicina
TS-04636,medicina
TS-04637,derecho
TS-04638,medicina
TS-04639,administracion_empresas
TS-04640,medicina
TS-04641,gobierno
TS-04642,gobierno
TS-04643,derecho
TS-04644,derecho
TS-04645,medicina
TS-04646,administracion_empresas
TS-04647,administracion_empresas
TS-04648,gobierno
TS-04649,administracion_empresas
TS-04650,economia
TS-04651,gobierno
TS-04652,administracion_empresas
TS-04653,gobierno
TS-04654,administracion_empresas
TS-04655,gobierno
TS-04656,administracion_empresas
TS-04657,administracion_empresas
TS-04658,administracion_empresas
TS-04659,economia
TS-04660,medicina
TS-04661,gobierno
TS-04662,gobierno
TS-04663,administracion_empresas
TS-04664,gobierno
TS-04665,administracion_empresas
TS-04666,administracion_empresas
TS-04667,medicina
TS-04668,gobierno
TS-04669,medicina
TS-04670,administracion_empresas
TS-04671,economia
TS-04672,administracion_empresas
TS-04673,gobierno
TS-04674,administracion_empresas
TS-04675,gobierno
TS-04676,gobierno
TS-04677,medicina
TS-04678,gobierno
TS-04679,administracion_empresas
TS-04680,medicina
TS-04681,economia
TS-04682,gobierno
TS-04683,medicina
TS-04684,administracion_empresas
TS-04685,medicina
TS-04686,administracion_empresas
TS-04687,medicina
TS-04688,gobierno
TS-04689,derecho
TS-04690,administracion_empresas
TS-04691,administracion_empresas
TS-04692,medicina
TS-04693,derecho
TS-04694,medicina
TS-04695,medicina
TS-04696,gobierno
TS-04697,administracion_empresas
TS-04698,administracion_empresas
TS-04699,medicina
TS-04700,gobierno
TS-04701,administracion_empresas
TS-04702,medicina
TS-04703,administracion_empresas
TS-04704,administracion_empresas
TS-04705,medicina
TS-04706,administracion_empresas
TS-04707,medicina
TS-04708,administracion_empresas
TS-04709,medicina
TS-04710,administracion_empresas
TS-04711,economia
TS-04712,medicina
TS-04713,economia
TS-04714,medicina
TS-04715,medicina
TS-04716,medicina
TS-04717,medicina
TS-04718,administracion_empresas
TS-04719,administracion_empresas
TS-04720,derecho
TS-04721,medicina
TS-04722,administracion_empresas
TS-04723,administracion_empresas
TS-04724,administracion_empresas
TS-04725,medicina
TS-04726,administracion_empresas
TS-04727,medicina
TS-04728,medicina
TS-04729,medicina
TS-04730,administracion_empresas
TS-04731,gobierno
TS-04732,derecho
TS-04733,gobierno
TS-04734,medicina
TS-04735,gobierno
TS-04736,medicina
TS-04737,medicina
TS-04738,medicina
TS-04739,medicina
TS-04740,administracion_empresas
TS-04741,gobierno
TS-04742,administracion_empresas
TS-04743,medicina
TS-04744,administracion_empresas
TS-04745,administracion_empresas
TS-04746,administracion_empresas
TS-04747,medicina
TS-04748,economia
TS-04749,administracion_empresas
TS-04750,administracion_empresas
TS-04751,derecho
TS-04752,gobierno
TS-04753,derecho
TS-04754,administracion_empresas
TS-04755,administracion_empresas
TS-04756,medicina
TS-04757,medicina
TS-04758,administracion_empresas
TS-04759,medicina
TS-04760,administracion_empresas
TS-04761,administracion_empresas
TS-04762,medicina
TS-04763,medicina
TS-04764,gobierno
TS-04765,medicina
TS-04766,medicina
TS-04767,administracion_empresas
TS-04768,medicina
TS-04769,medicina
TS-04770,medicina
TS-04771,medicina
TS-04772,medicina
TS-04773,gobierno
TS-04774,medicina
TS-04775,gobierno
TS-04776,gobierno
TS-04777,administracion_empresas
TS-04778,economia
TS-04779,administracion_empresas
TS-04780,derecho
TS-04781,medicina
TS-04782,medicina
TS-04783,administracion_empresas
TS-04784,gobierno
TS-04785,administracion_empresas
TS-04786,administracion_empresas
TS-04787,administracion_empresas
TS-04788,administracion_empresas
TS-04789,medicina
TS-04790,medicina
TS-04791,medicina
TS-04792,derecho
TS-04793,administracion_empresas
TS-04794,administracion_empresas
TS-04795,economia
TS-04796,medicina
TS-04797,medicina
TS-04798,gobierno
TS-04799,medicina
TS-04800,medicina
TS-04801,medicina
TS-04802,administracion_empresas
TS-04803,administracion_empresas
TS-04804,derecho
TS-04805,gobierno
TS-04806,gobierno
TS-04807,gobierno
TS-04808,gobierno
TS-04809,administracion_empresas
TS-04810,administracion_empresas
TS-04811,administracion_empresas
TS-04812,economia
TS-04813,medicina
TS-04814,medicina
TS-04815,administracion_empresas
TS-04816,medicina
TS-04817,medicina
TS-04818,medicina
TS-04819,administracion_empresas
TS-04820,administracion_empresas
TS-04821,gobierno
TS-04822,gobierno
TS-04823,administracion_empresas
TS-04824,derecho
TS-04825,medicina
TS-04826,economia
TS-04827,medicina
TS-04828,administracion_empresas
TS-04829,medicina
TS-04830,administracion_empresas
TS-04831,administracion_empresas
TS-04832,gobierno
TS-04833,administracion_empresas
TS-04834,medicina
TS-04835,administracion_empresas
TS-04836,economia
TS-04837,medicina
TS-04838,medicina
TS-04839,gobierno
TS-04840,medicina
TS-04841,administracion_empresas
TS-04842,derecho
TS-04843,administracion_empresas
TS-04844,administracion_empresas
TS-04845,administracion_empresas
TS-04846,gobierno
TS-04847,gobierno
TS-04848,economia
TS-04849,medicina
TS-04850,administracion_empresas
TS-04851,administracion_empresas
TS-04852,gobierno
TS-04853,gobierno
TS-04854,administracion_empresas
TS-04855,medicina
TS-04856,administracion_empresas
TS-04857,administracion_empresas
TS-04858,gobierno
TS-04859,medicina
TS-04860,administracion_empresas
TS-04861,gobierno
TS-04862,administracion_empresas
TS-04863,medicina
TS-04864,medicina
TS-04865,administracion_empresas
TS-04866,gobierno
TS-04867,administracion_empresas
TS-04868,gobierno
TS-04869,derecho
TS-04870,medicina
TS-04871,medicina
TS-04872,medicina
TS-04873,derecho
TS-04874,gobierno
TS-04875,administracion_empresas
TS-04876,gobierno
TS-04877,medicina
TS-04878,derecho
TS-04879,administracion_empresas
TS-04880,derecho
TS-04881,administracion_empresas
TS-04882,gobierno
TS-04883,derecho
TS-04884,medicina
TS-04885,administracion_empresas
TS-04886,gobierno
TS-04887,derecho
TS-04888,derecho
TS-04889,administracion_empresas
TS-04890,gobierno
TS-04891,derecho
TS-04892,medicina
TS-04893,administracion_empresas
TS-04894,medicina
TS-04895,medicina
TS-04896,administracion_empresas
TS-04897,administracion_empresas
TS-04898,medicina
TS-04899,medicina
TS-04900,medicina
TS-04901,medicina
TS-04902,medicina
TS-04903,gobierno
TS-04904,gobierno
TS-04905,administracion_empresas
TS-04906,medicina
TS-04907,gobierno
TS-04908,derecho
TS-04909,gobierno
TS-04910,gobierno
TS-04911,gobierno
TS-04912,medicina
TS-04913,medicina
TS-04914,medicina
TS-04915,derecho
TS-04916,gobierno
TS-04917,administracion_empresas
TS-04918,gobierno
TS-04919,gobierno
TS-04920,medicina
TS-04921,gobierno
TS-04922,medicina
TS-04923,administracion_empresas
TS-04924,medicina
TS-04925,derecho
TS-04926,administracion_empresas
TS-04927,gobierno
TS-04928,gobierno
TS-04929,economia
TS-04930,gobierno
TS-04931,medicina
TS-04932,gobierno
TS-04933,gobierno
TS-04934,gobierno
TS-04935,gobierno
TS-04936,medicina
TS-04937,administracion_empresas
